Date,HIGH,CLOSE,LOW,OPEN,COUNT,VOLUME
2014-05-23,11.85,11.5,11.4,11.55,2098,693750
2014-05-27,12.24,11.92,11.29,11.45,174,55906
2014-05-28,12.2,12.0,11.91,11.91,114,23947
2014-05-29,13.05,12.37,12.0,12.83,104,28725
2014-05-30,12.84,12.43,12.43,12.84,37,7794
2014-06-02,12.65,12.55,12.45,12.45,57,6121
2014-06-03,12.95,12.69,12.58,12.58,99,12065
2014-06-04,13.1,12.95,12.63,12.63,142,16547
2014-06-05,13.48,13.23,13.01,13.25,114,22315
2014-06-06,13.77,13.69,13.31,13.5,82,11087
2014-06-09,14.17,13.97,13.77,14.17,106,28144
2014-06-10,14.0,13.54,13.42,13.95,66,10895
2014-06-11,14.43,14.03,13.59,13.59,141,24676
2014-06-12,14.36,14.13,13.87,13.95,131,19702
2014-06-13,14.4,14.22,13.99,14.24,106,10054
2014-06-16,14.58,14.41,14.1,14.29,96,9013
2014-06-17,15.04,14.59,14.4,14.8,191,25149
2014-06-18,15.03,15.02,14.65,14.92,198,15793
2014-06-19,15.36,15.07,15.0,15.12,100,14666
2014-06-20,15.34,15.25,15.07,15.07,112,19421
2014-06-23,15.26,15.18,15.01,15.17,120,12491
2014-06-24,15.19,15.0,14.92,15.19,70,11505
2014-06-25,15.08,14.99,14.84,14.84,67,7878
2014-06-26,15.14,14.99,14.9,14.9,50,4719
2014-06-27,15.27,14.6,14.32,14.85,376,382346
2014-06-30,15.21,15.21,14.55,14.6,195,24916
2014-07-01,15.45,15.3,15.1,15.18,150,15537
2014-07-02,15.54,14.96,14.57,15.45,114,13302
2014-07-03,15.2,14.96,14.88,15.0,70,8236
2014-07-07,15.0,14.89,14.64,14.96,106,10623
2014-07-08,15.16,15.09,14.87,14.89,85,10016
2014-07-09,15.14,14.94,14.91,15.14,84,4366
2014-07-10,14.97,14.78,14.72,14.93,79,9832
2014-07-11,14.77,14.69,14.69,14.77,44,6177
2014-07-14,14.93,14.65,14.61,14.79,53,9006
2014-07-15,14.65,14.3,14.25,14.65,84,11017
2014-07-16,14.91,14.85,14.4,14.4,68,14903
2014-07-17,14.97,14.66,14.63,14.72,52,7194
2014-07-18,15.16,15.01,14.63,14.63,56,8628
2014-07-21,15.3,15.17,14.72,14.91,54,11238
2014-07-22,15.37,14.84,14.77,15.22,106,9064
2014-07-23,15.29,15.24,14.8,14.8,45,8090
2014-07-24,15.37,15.09,14.96,15.25,85,10310
2014-07-25,15.22,14.98,14.89,14.97,45,7830
2014-07-28,15.09,14.74,14.71,15.09,42,6426
2014-07-29,15.1,14.77,14.76,14.9,60,11920
2014-07-30,14.95,14.57,14.42,14.86,116,14074
2014-07-31,14.51,14.13,14.08,14.51,87,12601
2014-08-01,14.48,14.18,13.82,14.1,142,31038
2014-08-04,14.6,14.6,14.24,14.3,48,7187
2014-08-05,14.6,14.15,14.01,14.57,110,12632
2014-08-06,15.0,14.94,14.06,14.06,138,16555
2014-08-07,15.03,14.45,14.42,15.03,101,11210
2014-08-08,14.77,14.41,14.39,14.47,47,6750
2014-08-11,14.84,14.74,14.53,14.53,42,3955
2014-08-12,14.8,14.76,14.65,14.65,44,5578
2014-08-13,14.98,14.94,14.8,14.8,20,9798
2014-08-14,14.98,14.86,14.76,14.9,52,6359
2014-08-15,15.0,14.87,14.75,15.0,46,7529
2014-08-18,15.0,14.92,14.85,15.0,30,4492
2014-08-19,14.96,14.96,14.83,14.91,31,5992
2014-08-20,14.99,14.89,14.8,14.88,37,6592
2014-08-21,14.86,14.8,14.72,14.81,120,16870
2014-08-22,15.25,15.01,14.86,14.86,45,6638
2014-08-25,15.36,15.3,15.06,15.06,29,2780
2014-08-26,15.22,15.1,15.0,15.22,51,11728
2014-08-27,15.16,14.67,14.5,15.16,100,11594
2014-08-28,14.84,14.78,14.74,14.74,30,3727
2014-08-29,15.13,14.95,14.77,14.78,30,4102
2014-09-02,15.29,15.01,14.92,15.0,40,8310
2014-09-03,15.25,14.67,14.47,15.1,69,12617
2014-09-04,14.75,14.54,14.46,14.75,28,2491
2014-09-05,15.16,14.94,14.17,14.51,138,13186
2014-09-08,14.97,14.85,14.72,14.93,31,3920
2014-09-09,14.93,14.76,14.55,14.85,68,11203
2014-09-10,14.85,14.82,14.67,14.75,49,7056
2014-09-11,15.0,14.82,14.65,14.65,65,7909
2014-09-12,14.99,14.86,14.77,14.78,54,5763
2014-09-15,14.89,14.84,14.8,14.89,43,4385
2014-09-16,14.88,14.58,14.58,14.88,47,7749
2014-09-17,14.88,14.56,14.52,14.63,49,6449
2014-09-18,14.72,14.62,14.44,14.57,32,7183
2014-09-19,14.74,14.24,14.17,14.68,92,53638
2014-09-22,14.49,14.35,14.19,14.2,29,4820
2014-09-23,14.21,14.08,14.02,14.21,21,3933
2014-09-24,14.17,14.02,13.89,14.16,28,5436
2014-09-25,14.04,13.86,13.66,14.04,57,9407
2014-09-26,13.85,13.67,13.62,13.85,28,2849
2014-09-29,14.48,14.35,13.6,13.6,39,3889
2014-09-30,15.12,15.06,14.28,14.4,147,42720
2014-10-01,15.23,15.1,14.74,14.96,80,11433
2014-10-02,15.19,15.18,14.92,15.15,108,30005
2014-10-03,15.25,15.03,14.52,15.25,69,10414
2014-10-06,15.1,14.96,14.92,15.08,98,12297
2014-10-07,15.02,14.68,14.66,14.92,97,10193
2014-10-08,14.68,14.66,14.35,14.6,80,11353
2014-10-09,14.71,14.5,14.03,14.71,88,15112
2014-10-10,14.46,14.25,14.19,14.43,40,5847
2014-10-13,14.71,14.58,14.23,14.23,79,9893
2014-10-14,14.86,14.46,14.37,14.65,98,16133
2014-10-15,15.25,15.22,14.3,14.3,70,13200
2014-10-16,15.3,15.04,14.57,14.96,125,15601
2014-10-17,15.26,15.01,14.91,15.26,45,9968
2014-10-20,15.16,14.98,14.81,15.06,81,13179
2014-10-21,15.75,15.64,15.0,15.0,96,13613
2014-10-22,15.72,15.36,15.25,15.72,66,6887
2014-10-23,15.61,15.47,15.37,15.44,52,6489
2014-10-24,15.85,15.82,15.25,15.42,47,6419
2014-10-27,17.0,17.0,15.8,15.8,72,6686
2014-10-28,17.87,17.5,17.1,17.1,110,14406
2014-10-29,17.69,17.59,16.77,17.69,89,10648
2014-10-30,17.86,17.77,17.56,17.56,108,14406
2014-10-31,17.98,17.76,17.63,17.98,86,11202
2014-11-03,17.89,17.63,17.57,17.89,56,8685
2014-11-04,18.14,17.79,17.54,17.54,113,16954
2014-11-05,18.86,18.58,17.79,17.92,125,23570
2014-11-06,19.0,17.84,17.53,19.0,109,16952
2014-11-07,17.96,17.82,17.55,17.94,121,17326
2014-11-10,18.21,18.12,17.59,17.82,42,5455
2014-11-11,18.58,18.24,17.96,18.2,65,9228
2014-11-12,18.18,17.97,17.79,18.18,60,7437
2014-11-13,17.98,17.15,17.0,17.87,91,13268
2014-11-14,17.37,17.21,17.19,17.26,30,4337
2014-11-17,17.23,16.76,16.72,17.14,76,8470
2014-11-18,16.75,16.52,16.19,16.75,85,14605
2014-11-19,17.78,16.93,15.5,16.19,194,52057
2014-11-20,17.58,17.51,16.98,17.0,78,12287
2014-11-21,17.46,17.11,17.1,17.39,61,13826
2014-11-24,17.15,16.84,16.44,17.1,262,38785
2014-11-25,17.49,16.95,16.74,16.81,73,17938
2014-11-26,17.59,17.57,16.87,16.87,87,10334
2014-11-28,17.99,17.35,17.29,17.6,61,8623
2014-12-01,17.74,17.05,17.04,17.36,124,17642
2014-12-02,17.12,16.89,16.7,17.1,79,8376
2014-12-03,17.68,17.08,16.99,17.1,192,29508
2014-12-04,17.37,17.28,16.93,17.08,152,12180
2014-12-05,17.5,17.32,17.1,17.28,155,26588
2014-12-08,18.46,18.38,17.18,17.18,311,40789
2014-12-09,19.21,19.21,17.89,18.13,229,38842
2014-12-10,19.16,18.44,18.35,19.16,115,12906
2014-12-11,19.032,18.46,18.18,18.44,147,19173
2014-12-12,18.77,18.57,18.29,18.33,136,17798
2014-12-15,18.6,18.25,18.1,18.58,156,16863
2014-12-16,18.92,18.58,18.3,18.3,240,29707
2014-12-17,19.15,18.91,18.08,18.75,256,30602
2014-12-18,19.64,19.04,18.8,19.2,233,29978
2014-12-19,19.36,19.01,18.68,19.11,326,486864
2014-12-22,19.63,19.54,18.93,18.93,190,26655
2014-12-23,19.8,19.74,19.42,19.69,113,12891
2014-12-24,19.66,19.34,19.1,19.66,59,8732
2014-12-26,19.75,19.64,19.35,19.35,89,12523
2014-12-29,19.72,19.32,19.23,19.72,127,12694
2014-12-30,19.4,19.4,18.86,19.39,192,22114
2014-12-31,19.6,19.43,19.08,19.52,129,19065
2015-01-02,19.63,19.59,18.901,19.17,139,29444
2015-01-05,19.64,19.14,18.76,19.64,167,27896
2015-01-06,19.3,19.0,18.91,19.2,138,18603
2015-01-07,19.27,19.27,18.88,19.0,86,16129
2015-01-08,19.45,19.35,19.27,19.42,117,13060
2015-01-09,19.36,19.15,19.04,19.36,98,11936
2015-01-12,19.15,18.93,18.9,19.12,126,21412
2015-01-13,19.29,18.88,18.58,18.91,209,58657
2015-01-14,18.92,18.74,18.67,18.89,95,8305
2015-01-15,19.0,18.75,18.6,18.99,192,32942
2015-01-16,19.0,18.95,18.65,18.65,64,10610
2015-01-20,19.04,18.79,18.76,19.04,61,9641
2015-01-21,18.95,18.82,18.71,18.79,108,15043
2015-01-22,19.09,19.06,18.82,18.83,114,16320
2015-01-23,19.19,18.97,18.8,19.03,79,8152
2015-01-26,19.1,19.1,18.75,18.88,117,14930
2015-01-27,19.18,19.04,18.88,18.91,98,16234
2015-01-28,19.1,19.02,18.98,19.03,152,17005
2015-01-29,19.2,19.11,19.01,19.01,71,11824
2015-01-30,19.22,19.01,19.0,19.02,169,27993
2015-02-02,19.33,19.32,19.05,19.05,103,20484
2015-02-03,20.29,19.66,19.36,19.4,186,32121
2015-02-04,19.83,19.58,19.52,19.52,83,9565
2015-02-05,19.85,19.85,19.55,19.55,115,22167
2015-02-06,20.42,19.99,19.83,19.85,203,44389
2015-02-09,20.24,19.98,19.77,19.86,161,21480
2015-02-10,20.12,20.01,19.8,19.97,122,17351
2015-02-11,20.19,19.97,19.91,20.0,93,12145
2015-02-12,20.13,20.09,19.95,19.99,47,5157
2015-02-13,20.04,19.93,19.9,20.03,70,8862
2015-02-17,20.149,19.96,19.8,19.81,205,31734
2015-02-18,20.01,19.85,19.78,19.86,86,8318
2015-02-19,19.9,19.88,19.75,19.9,101,10890
2015-02-20,19.91,19.76,19.7,19.91,71,10023
2015-02-23,20.0,19.94,19.76,19.78,69,6348
2015-02-24,20.0,19.99,19.87,19.95,146,23293
2015-02-25,20.09,19.94,19.89,19.95,121,27487
2015-02-26,20.1,19.98,19.93,19.96,153,28167
2015-02-27,20.1,19.9,19.9,20.02,153,47132
2015-03-02,20.08,20.0,19.91,20.03,137,26095
2015-03-03,20.09,20.06,19.92,20.0,201,27876
2015-03-04,20.09,20.0,19.93,19.98,180,24631
2015-03-05,21.85,21.26,20.8,20.8,973,175976
2015-03-06,22.8,22.66,21.26,21.45,400,99030
2015-03-09,22.75,22.36,22.1,22.5,407,58642
2015-03-10,22.65,22.23,22.1,22.1,442,72415
2015-03-11,22.75,22.75,22.2,22.3,300,57380
2015-03-12,22.77,22.24,22.17,22.75,325,40164
2015-03-13,22.34,21.97,21.95,22.2,168,31987
2015-03-16,22.33,22.17,22.1,22.15,286,85316
2015-03-17,22.21,21.93,21.74,22.19,156,20902
2015-03-18,21.95,21.77,21.46,21.9,226,41222
2015-03-19,22.03,21.68,21.63,21.8,211,27247
2015-03-20,21.86,21.65,21.42,21.8,181,41715
2015-03-23,21.6,21.25,21.11,21.52,197,31900
2015-03-24,21.83,21.75,21.25,21.25,330,73041
2015-03-25,22.62,22.32,21.39,21.39,619,124372
2015-03-26,22.36,21.61,21.35,22.29,211,25337
2015-03-27,21.68,21.27,20.851,21.66,265,37691
2015-03-30,22.05,21.86,21.5,21.5,152,20320
2015-03-31,22.01,22.01,21.43,21.83,175,54294
2015-04-01,22.45,22.14,21.81,21.9,215,38470
2015-04-02,22.15,21.64,21.57,22.15,168,20545
2015-04-06,21.59,21.52,21.05,21.05,212,50501
2015-04-07,21.93,21.85,21.47,21.62,132,21737
2015-04-08,21.84,21.66,21.55,21.75,107,12424
2015-04-09,21.74,21.55,21.41,21.54,129,19455
2015-04-10,21.63,21.41,21.07,21.61,159,22963
2015-04-13,22.0,21.97,21.39,21.39,475,114162
2015-04-14,22.17,21.96,21.81,22.1,130,28729
2015-04-15,22.0,21.97,21.75,22.0,179,25700
2015-04-16,21.99,21.53,21.42,21.99,148,19602
2015-04-17,21.55,21.13,20.98,21.45,138,22922
2015-04-20,21.48,21.1,21.09,21.3,106,15812
2015-04-21,21.25,20.87,20.87,21.25,84,13136
2015-04-22,21.04,20.94,20.19,20.82,280,51660
2015-04-23,20.99,20.51,20.31,20.99,137,22443
2015-04-24,21.1,21.01,20.35,20.45,215,22758
2015-04-27,21.1,20.52,20.4,21.1,159,25045
2015-04-28,21.19,20.9,20.48,20.5,195,25407
2015-04-29,21.0,20.8,20.75,20.9,152,29358
2015-04-30,20.73,20.05,19.89,20.73,279,47140
2015-05-01,20.66,20.54,20.12,20.12,118,22662
2015-05-04,20.53,20.47,20.27,20.51,196,17398
2015-05-05,21.0,20.96,20.38,20.38,259,30595
2015-05-06,21.37,21.31,20.85,20.92,708,49500
2015-05-07,22.04,21.25,21.23,21.94,464,128120
2015-05-08,21.59,20.72,20.65,21.3,316,39846
2015-05-11,21.38,21.05,20.8,20.8,452,66170
2015-05-12,20.97,20.71,20.22,20.97,463,68889
2015-05-13,20.93,20.76,20.48,20.84,591,197626
2015-05-14,21.26,21.25,20.88,20.93,216,23617
2015-05-15,21.23,20.72,20.66,21.23,172,25650
2015-05-18,21.0,20.79,20.3,20.82,272,34064
2015-05-19,20.94,20.69,20.57,20.76,167,18987
2015-05-20,20.89,20.76,20.54,20.75,339,49671
2015-05-21,20.8,20.71,20.6,20.69,137,20959
2015-05-22,20.83,20.56,20.15,20.72,201,23340
2015-05-26,20.69,20.55,20.31,20.55,239,36272
2015-05-27,21.06,21.0,20.55,20.55,665,142785
2015-05-28,20.95,20.91,20.59,20.59,229,26786
2015-05-29,21.0,21.0,20.79,20.9,196,99383
2015-06-01,21.23,21.15,20.93,21.0,652,116579
2015-06-02,21.42,21.33,21.02,21.13,358,61050
2015-06-03,22.16,21.9,21.4,21.42,929,358012
2015-06-04,22.14,21.98,21.88,22.14,301,86617
2015-06-05,22.38,22.0,21.85,22.0,265,54201
2015-06-08,22.35,22.15,22.11,22.3,533,97702
2015-06-09,22.12,22.0,21.88,22.12,248,36365
2015-06-10,22.25,22.07,21.8,22.02,428,79654
2015-06-11,22.4,22.34,22.17,22.18,270,46393
2015-06-12,22.36,22.29,21.92,22.27,376,55258
2015-06-15,22.5,22.5,22.19,22.25,417,102058
2015-06-16,22.5,22.48,22.26,22.44,267,55943
2015-06-17,22.5,22.34,22.3,22.5,194,31881
2015-06-18,22.49,22.47,22.37,22.4,314,49327
2015-06-19,22.5,22.36,22.33,22.5,274,66483
2015-06-22,22.47,22.17,22.09,22.41,206,37784
2015-06-23,22.5,22.5,22.2,22.24,301,81974
2015-06-24,22.5,22.49,22.41,22.47,235,55088
2015-06-25,22.5,22.5,22.3,22.49,462,77420
2015-06-26,22.5,22.32,22.12,22.43,1208,1194254
2015-06-29,23.18,22.67,22.25,22.39,718,125834
2015-06-30,23.0,22.99,22.79,22.79,473,175442
2015-07-01,24.78,24.71,23.18,23.19,1045,388626
2015-07-02,24.88,24.61,24.26,24.84,568,125266
2015-07-06,25.54,25.47,24.66,24.71,800,189789
2015-07-07,25.46,24.91,24.53,25.46,775,155779
2015-07-08,24.99,24.8,24.74,24.81,190,42325
2015-07-09,25.2,24.88,24.87,25.0,647,102738
2015-07-10,25.11,25.07,24.65,25.02,589,124787
2015-07-13,25.48,25.19,25.1,25.39,367,94555
2015-07-14,25.89,25.72,25.21,25.21,500,71849
2015-07-15,26.14,26.03,25.61,25.76,248,42664
2015-07-16,27.27,27.09,26.36,26.36,557,74521
2015-07-17,27.27,27.11,26.77,27.16,328,53889
2015-07-20,26.68,24.94,24.44,26.68,1245,187002
2015-07-21,25.63,25.2,24.79,24.88,444,52068
2015-07-22,26.03,25.81,25.22,25.22,525,78952
2015-07-23,25.91,25.24,24.97,25.84,602,72684
2015-07-24,25.32,24.93,24.8,25.32,253,37875
2015-07-27,25.04,24.77,24.57,24.77,310,61210
2015-07-28,24.81,24.38,24.082,24.81,496,75207
2015-07-29,24.53,24.31,24.04,24.39,371,52529
2015-07-30,24.7,24.63,24.122,24.36,380,64066
2015-07-31,24.84,24.72,24.58,24.67,305,44940
2015-08-03,25.17,24.97,24.6,24.73,563,97520
2015-08-04,25.0,24.32,24.29,25.0,519,76629
2015-08-05,25.09,25.03,24.58,24.58,640,76958
2015-08-06,24.74,21.05,20.4,24.74,2004,321130
2015-08-07,20.98,20.27,19.42,20.98,722,130798
2015-08-10,20.13,18.81,18.61,20.13,899,161660
2015-08-11,20.2,20.02,18.18,18.18,1144,217176
2015-08-12,19.88,19.48,19.06,19.88,654,99994
2015-08-13,19.89,19.19,19.13,19.54,483,58703
2015-08-14,19.41,19.13,18.82,19.05,428,55607
2015-08-17,19.63,19.54,19.0,19.11,500,71483
2015-08-18,19.5,19.13,19.04,19.5,418,62989
2015-08-19,19.96,19.35,18.85,18.99,477,68825
2015-08-20,19.38,19.05,18.94,19.22,283,44615
2015-08-21,19.15,18.36,18.29,18.74,594,95041
2015-08-24,18.27,17.44,17.21,17.23,703,104918
2015-08-25,18.07,17.7,17.62,17.84,294,42718
2015-08-26,18.39,18.39,17.48,17.97,766,97969
2015-08-27,18.79,18.15,17.91,18.45,445,71141
2015-08-28,18.1,17.63,17.51,18.1,348,61095
2015-08-31,17.63,17.57,17.11,17.59,406,73679
2015-09-01,17.98,17.77,17.29,17.3,330,46625
2015-09-02,17.89,17.5,17.24,17.89,391,62460
2015-09-03,17.5,17.12,17.05,17.34,269,69886
2015-09-04,17.4,17.33,16.81,17.0,195,45209
2015-09-08,17.84,17.4,17.32,17.5,337,70402
2015-09-09,17.9,17.72,17.5,17.5,368,53504
2015-09-10,17.94,17.92,17.69,17.73,455,72563
2015-09-11,18.37,18.37,17.84,17.84,299,42054
2015-09-14,18.79,18.74,18.33,18.34,284,49332
2015-09-15,20.01,19.53,19.1,19.1,305,69073
2015-09-16,19.51,19.11,18.84,19.5,372,71689
2015-09-17,19.63,19.57,18.97,19.16,415,64287
2015-09-18,20.08,19.73,19.39,19.39,687,518592
2015-09-21,20.14,19.98,19.5,20.0,411,62423
2015-09-22,19.87,19.28,19.12,19.87,329,51287
2015-09-23,19.5,19.25,18.96,19.27,249,38392
2015-09-24,19.57,19.35,19.03,19.15,257,42514
2015-09-25,19.51,18.64,18.48,19.41,467,60195
2015-09-28,18.59,18.25,18.09,18.49,322,62639
2015-09-29,19.02,19.01,18.16,18.16,343,51747
2015-09-30,19.75,19.73,19.05,19.25,349,84677
2015-10-01,19.89,19.61,19.41,19.66,221,42647
2015-10-02,19.56,19.4,18.74,19.49,334,56852
2015-10-05,20.79,20.47,19.68,19.68,317,57721
2015-10-06,20.53,20.17,20.05,20.52,161,23140
2015-10-07,20.78,20.67,19.97,20.21,294,58068
2015-10-08,21.31,20.83,20.59,20.66,328,51595
2015-10-09,21.35,20.96,20.7,20.9,126,18303
2015-10-12,21.64,21.33,21.02,21.05,301,49028
2015-10-13,21.44,20.8,20.8,21.23,137,20093
2015-10-14,20.92,20.31,20.29,20.82,239,28675
2015-10-15,20.81,20.8,20.0,20.36,209,29841
2015-10-16,21.12,20.99,20.85,20.88,176,24921
2015-10-19,21.36,21.09,20.84,20.84,158,30647
2015-10-20,22.66,22.5,21.4,21.59,572,91205
2015-10-21,22.99,22.57,22.57,22.67,419,46038
2015-10-22,22.88,22.69,22.29,22.57,291,32208
2015-10-23,22.95,22.54,22.26,22.91,282,34308
2015-10-26,22.73,22.68,22.34,22.39,263,41458
2015-10-27,22.73,22.29,22.19,22.65,207,23052
2015-10-28,22.97,22.89,22.32,22.32,379,53224
2015-10-29,23.28,22.89,22.76,22.76,298,49561
2015-10-30,23.01,22.12,21.78,22.88,481,107699
2015-11-02,22.9,22.77,21.94,22.1,274,42229
2015-11-03,22.85,22.51,22.5,22.73,316,49710
2015-11-04,22.53,21.4,21.33,22.51,415,59324
2015-11-05,23.81,23.61,21.65,21.9,798,154189
2015-11-06,24.96,24.49,23.79,23.79,479,70856
2015-11-09,24.54,23.92,23.63,24.49,387,58059
2015-11-10,23.88,23.71,23.41,23.86,382,49950
2015-11-11,23.82,23.52,23.41,23.82,283,29313
2015-11-12,23.95,23.1,23.06,23.46,305,37807
2015-11-13,23.08,22.95,22.8,22.93,298,39658
2015-11-16,23.04,23.0,22.7,22.95,254,39094
2015-11-17,23.54,22.81,22.74,22.95,427,67575
2015-11-18,23.2,23.19,22.71,22.8,679,78452
2015-11-19,23.34,22.07,21.4,23.27,567,101662
2015-11-20,22.67,21.79,21.59,22.19,591,85189
2015-11-23,23.5,23.19,21.9,21.9,583,95356
2015-11-24,23.2,22.94,22.46,23.01,252,38190
2015-11-25,23.24,23.01,22.87,23.03,248,26092
2015-11-27,23.0,22.69,22.62,22.98,110,14764
2015-11-30,22.77,22.46,22.14,22.57,487,121181
2015-12-01,22.969,22.69,21.98,22.57,300,73649
2015-12-02,23.22,22.82,22.66,22.66,195,22215
2015-12-03,23.13,22.57,22.48,22.9,135,20800
2015-12-04,23.2,23.02,22.37,22.37,347,46740
2015-12-07,23.38,22.81,22.68,23.06,334,55704
2015-12-08,22.88,22.61,22.5,22.71,90,14078
2015-12-09,22.6,21.76,21.48,22.55,225,48996
2015-12-10,22.03,21.57,21.43,21.74,241,31404
2015-12-11,21.54,21.18,20.892,21.22,274,47392
2015-12-14,21.58,21.53,21.04,21.18,517,73999
2015-12-15,21.78,21.37,21.24,21.66,177,21830
2015-12-16,21.73,21.61,21.19,21.6,150,24923
2015-12-17,21.98,21.46,21.36,21.63,147,24586
2015-12-18,21.76,21.49,21.072,21.42,401,203587
2015-12-21,21.85,21.53,21.18,21.83,332,45614
2015-12-22,21.81,21.78,20.8,21.58,263,38568
2015-12-23,21.98,21.97,21.71,21.91,106,15791
2015-12-24,22.4,22.28,21.81,22.0,139,22048
2015-12-28,22.32,22.13,21.7,22.15,147,14401
2015-12-29,22.73,22.41,22.16,22.16,110,16837
2015-12-30,22.51,22.1,22.09,22.33,184,25681
2015-12-31,22.07,21.82,21.67,22.07,259,40002
2016-01-04,21.41,20.89,20.62,21.41,362,78802
2016-01-05,21.03,20.97,20.68,21.01,180,25798
2016-01-06,20.94,20.76,20.6,20.76,279,49437
2016-01-07,20.67,20.01,19.98,20.44,196,28341
2016-01-08,20.2,19.41,19.35,20.2,289,42654
2016-01-11,19.73,19.66,19.04,19.35,273,43367
2016-01-12,20.16,19.91,19.54,19.85,419,64506
2016-01-13,19.95,19.3,19.08,19.95,397,57720
2016-01-14,19.84,19.55,19.16,19.34,286,39411
2016-01-15,19.22,18.78,18.24,19.03,565,59935
2016-01-19,19.35,19.05,18.8,18.87,605,91069
2016-01-20,19.07,18.96,18.2,18.76,526,55768
2016-01-21,19.17,18.88,18.85,18.99,375,46817
2016-01-22,19.18,18.9,18.78,19.05,230,41766
2016-01-25,19.14,18.72,18.68,18.93,228,31869
2016-01-26,19.14,18.89,18.72,18.81,178,24549
2016-01-27,19.48,18.82,18.8,18.92,327,37431
2016-01-28,19.1,19.03,18.76,18.93,146,17088
2016-01-29,19.82,19.82,19.08,19.08,305,81978
2016-02-01,19.83,19.69,19.47,19.76,294,35005
2016-02-02,19.67,19.46,19.3,19.41,255,35959
2016-02-03,19.65,19.16,18.94,19.65,271,36958
2016-02-04,19.15,18.84,18.55,19.13,603,56546
2016-02-05,18.99,18.76,18.65,18.84,366,53953
2016-02-08,19.23,19.11,18.32,18.63,662,80729
2016-02-09,18.98,18.8,18.34,18.78,575,59767
2016-02-10,19.95,19.48,18.88,18.95,830,91173
2016-02-11,19.13,18.87,18.37,19.1,338,51947
2016-02-12,19.55,19.29,19.01,19.01,279,51709
2016-02-16,19.58,19.5,19.19,19.54,197,24808
2016-02-17,20.18,19.78,19.65,19.65,224,40891
2016-02-18,20.17,19.77,19.63,19.81,385,40756
2016-02-19,20.06,19.68,19.55,19.76,353,48984
2016-02-22,19.99,19.63,19.62,19.93,329,43935
2016-02-23,19.57,19.34,19.3,19.55,451,61026
2016-02-24,19.77,19.54,19.08,19.21,412,50239
2016-02-25,20.06,19.66,19.47,19.56,545,66800
2016-02-26,20.0,19.83,19.72,19.74,486,58851
2016-02-29,19.87,19.52,19.3,19.87,379,74356
2016-03-01,20.18,19.76,19.46,19.58,519,74810
2016-03-02,19.94,19.8,19.5,19.87,376,47259
2016-03-03,20.0,17.44,17.39,20.0,882,146820
2016-03-04,17.13,16.35,16.17,17.13,1282,197376
2016-03-07,16.4,15.59,15.58,16.23,808,134262
2016-03-08,15.99,15.52,15.52,15.56,992,154971
2016-03-09,15.99,15.7,15.53,15.54,528,73710
2016-03-10,15.74,15.66,15.07,15.72,590,86744
2016-03-11,15.75,15.7,15.12,15.65,543,87843
2016-03-14,15.7,15.44,15.31,15.7,430,57360
2016-03-15,15.4,14.89,14.86,15.26,333,59307
2016-03-16,15.36,15.13,14.74,14.88,497,65052
2016-03-17,15.83,15.75,15.06,15.09,422,52236
2016-03-18,16.03,15.99,15.56,15.85,515,134940
2016-03-21,16.14,15.98,15.72,16.0,480,80495
2016-03-22,16.21,15.99,15.56,15.85,435,62322
2016-03-23,15.93,15.64,15.64,15.93,381,45090
2016-03-24,15.73,15.45,15.35,15.57,257,39200
2016-03-28,16.02,15.78,15.44,15.44,268,40974
2016-03-29,15.82,15.61,15.38,15.79,486,81999
2016-03-30,15.95,15.86,15.5,15.63,404,62848
2016-03-31,16.05,15.97,15.87,15.9,295,51191
2016-04-01,15.96,15.83,15.76,15.85,276,45280
2016-04-04,15.84,15.42,15.41,15.73,294,44213
2016-04-05,15.4,14.78,14.75,15.4,605,102926
2016-04-06,14.86,14.45,14.34,14.76,376,69927
2016-04-07,15.09,14.87,14.3,14.4,443,60134
2016-04-08,14.91,14.17,14.09,14.86,542,107130
2016-04-11,14.28,13.68,13.68,14.19,828,142933
2016-04-12,13.92,13.79,13.67,13.73,583,83672
2016-04-13,14.35,14.2,13.92,13.92,689,104534
2016-04-14,14.32,14.09,14.08,14.16,242,36162
2016-04-15,14.05,13.75,13.65,14.05,385,73139
2016-04-18,13.86,13.5,13.48,13.77,501,68319
2016-04-19,13.6,13.58,13.31,13.5,855,116259
2016-04-20,13.85,13.59,13.46,13.63,684,84316
2016-04-21,13.63,13.49,13.44,13.6,495,74261
2016-04-22,13.71,13.7,13.46,13.46,747,104081
2016-04-25,13.81,13.49,13.44,13.7,425,64324
2016-04-26,13.59,13.48,13.37,13.47,430,57449
2016-04-27,13.6,12.99,12.96,13.44,783,109280
2016-04-28,13.15,12.94,12.81,12.97,514,96051
2016-04-29,13.39,13.29,12.96,12.96,512,73841
2016-05-02,13.51,13.28,13.22,13.27,290,43828
2016-05-03,13.34,13.3,13.08,13.24,346,49693
2016-05-04,13.35,13.0,12.82,13.18,444,89068
2016-05-05,13.26,12.96,12.01,12.4,845,143001
2016-05-06,13.33,13.07,12.66,12.8,618,94430
2016-05-09,13.58,13.46,13.05,13.05,499,63466
2016-05-10,13.63,13.55,13.37,13.37,306,49375
2016-05-11,13.58,13.29,13.23,13.46,487,69123
2016-05-12,14.355,14.17,13.77,13.77,732,124965
2016-05-13,14.15,13.81,13.67,14.08,231,34596
2016-05-16,13.77,13.69,13.58,13.76,344,53163
2016-05-17,13.8,13.55,13.45,13.7,730,96979
2016-05-18,13.9,13.77,13.44,13.44,349,45679
2016-05-19,13.76,13.08,13.07,13.76,319,42520
2016-05-20,13.73,13.63,13.16,13.16,363,50560
2016-05-23,13.69,13.41,13.39,13.57,216,27449
2016-05-24,13.93,13.89,13.44,13.44,330,54658
2016-05-25,14.09,13.49,13.45,13.89,269,40583
2016-05-26,13.47,13.39,13.36,13.45,190,26003
2016-05-27,13.51,13.44,13.31,13.35,301,44055
2016-05-31,13.5,13.16,13.09,13.41,708,120063
2016-06-01,13.59,13.52,12.84,13.1,376,87374
2016-06-02,13.57,13.52,13.3,13.46,249,37299
2016-06-03,13.41,13.32,13.2,13.36,207,46403
2016-06-06,13.38,13.24,13.05,13.27,299,42463
2016-06-07,13.4,13.02,13.01,13.2,159,30694
2016-06-08,13.04,12.94,12.83,13.03,356,51494
2016-06-09,13.22,13.15,12.84,12.94,260,45545
2016-06-10,12.95,12.85,12.59,12.95,323,51645
2016-06-13,12.72,12.42,12.4,12.66,523,65756
2016-06-14,12.6,12.49,12.07,12.3,329,49586
2016-06-15,12.54,12.25,12.24,12.43,226,35698
2016-06-16,12.96,12.8,12.65,12.69,639,96147
2016-06-17,12.81,12.64,12.47,12.75,451,137344
2016-06-20,13.03,12.61,12.59,12.83,503,73670
2016-06-21,12.85,12.69,12.6,12.73,441,58620
2016-06-22,12.73,12.38,12.35,12.67,278,42613
2016-06-23,12.66,12.62,12.51,12.57,345,39443
2016-06-24,12.26,12.06,12.05,12.15,363,277958
2016-06-27,12.0,11.64,11.57,12.0,396,56927
2016-06-28,11.86,11.66,11.64,11.8,257,44424
2016-06-29,11.93,11.82,11.71,11.86,469,66977
2016-06-30,12.05,11.97,11.81,11.89,320,54621
2016-07-01,12.14,11.97,11.92,11.93,189,34590
2016-07-05,11.94,11.57,11.55,11.94,253,47085
2016-07-06,11.71,11.62,11.51,11.6,303,45023
2016-07-07,11.87,11.68,11.59,11.61,298,40948
2016-07-08,12.2,12.05,11.8,11.84,389,72291
2016-07-11,12.24,12.1,12.02,12.1,292,46082
2016-07-12,12.36,12.21,12.1,12.1,375,59280
2016-07-13,12.43,12.21,12.19,12.28,466,73179
2016-07-14,12.7,12.53,12.31,12.31,248,35874
2016-07-15,12.64,12.53,12.47,12.63,238,37479
2016-07-18,12.53,12.33,12.31,12.43,340,49655
2016-07-19,12.41,12.36,12.26,12.32,264,31390
2016-07-20,12.46,12.33,12.31,12.37,302,48629
2016-07-21,12.51,12.22,12.15,12.29,425,47771
2016-07-22,12.84,12.78,12.17,12.29,349,49220
2016-07-25,12.8,12.44,12.42,12.73,409,45297
2016-07-26,12.54,12.4,12.33,12.5,129,17676
2016-07-27,12.55,12.48,12.39,12.45,165,19045
2016-07-28,12.52,12.39,12.37,12.51,130,17433
2016-07-29,12.44,12.39,12.23,12.42,326,85803
2016-08-01,12.66,12.35,12.22,12.42,234,37000
2016-08-02,12.35,12.25,12.17,12.3,221,72363
2016-08-03,12.45,12.39,12.19,12.27,372,93434
2016-08-04,14.29,13.94,13.09,13.25,678,155440
2016-08-05,14.01,13.7,13.42,13.99,453,103480
2016-08-08,13.75,13.55,13.4,13.75,347,36381
2016-08-09,13.74,13.68,13.45,13.55,329,39617
2016-08-10,13.61,13.3,13.3,13.61,184,23530
2016-08-11,13.3,13.23,13.18,13.3,114,18670
2016-08-12,13.24,13.05,13.0,13.22,242,40527
2016-08-15,13.05,12.94,12.92,13.04,215,28331
2016-08-16,12.95,12.82,12.8,12.87,201,34919
2016-08-17,12.88,12.72,12.67,12.87,179,17985
2016-08-18,12.9,12.86,12.74,12.75,227,22667
2016-08-19,12.91,12.83,12.73,12.81,249,57739
2016-08-22,12.98,12.98,12.71,12.84,230,29558
2016-08-23,13.04,13.02,12.89,13.0,217,34901
2016-08-24,13.19,13.1,13.04,13.04,253,31924
2016-08-25,13.72,13.24,13.2,13.36,625,105255
2016-08-26,13.84,13.68,13.27,13.27,305,32937
2016-08-29,13.96,13.83,13.58,13.65,306,39993
2016-08-30,14.07,13.82,13.69,13.76,338,38403
2016-08-31,13.9,13.72,13.53,13.9,335,62238
2016-09-01,13.88,13.67,13.5,13.76,394,60007
2016-09-02,13.96,13.94,13.59,13.68,196,25898
2016-09-06,14.3,14.26,13.94,13.95,475,65105
2016-09-07,14.78,14.7,14.26,14.26,497,275029
2016-09-08,14.9,14.69,14.61,14.73,200,41904
2016-09-09,14.63,14.02,14.02,14.62,312,45515
2016-09-12,14.1,14.05,13.89,14.03,252,35545
2016-09-13,13.89,13.43,13.36,13.89,276,43194
2016-09-14,13.43,13.33,13.28,13.43,184,26336
2016-09-15,13.5,13.46,13.33,13.33,156,21967
2016-09-16,13.49,13.45,13.27,13.48,273,121065
2016-09-19,13.58,13.57,13.48,13.53,279,35884
2016-09-20,13.68,13.62,13.53,13.67,159,20107
2016-09-21,13.85,13.8,13.68,13.68,362,40346
2016-09-22,14.38,14.38,13.81,13.82,233,35155
2016-09-23,15.1,14.48,14.48,14.71,499,86814
2016-09-26,14.37,14.19,14.1,14.37,290,40561
2016-09-27,14.25,14.21,14.04,14.13,178,15308
2016-09-28,14.31,14.29,14.16,14.24,203,28515
2016-09-29,14.53,14.31,14.23,14.23,534,49151
2016-09-30,14.53,14.41,14.31,14.39,248,41340
2016-10-03,14.45,14.17,14.06,14.42,206,29735
2016-10-04,14.16,14.01,13.61,14.09,283,33086
2016-10-05,14.19,13.83,13.77,14.05,334,57016
2016-10-06,12.57,12.46,11.74,12.53,1137,246241
2016-10-07,14.18,13.2,13.19,14.03,539,98896
2016-10-10,13.59,12.73,12.72,13.31,498,69976
2016-10-11,12.92,12.2,12.14,12.85,396,60438
2016-10-12,13.19,12.6,12.58,12.8,459,73580
2016-10-13,12.64,12.33,12.31,12.45,467,37622
2016-10-14,12.82,12.63,12.31,12.41,506,47854
2016-10-17,12.75,12.5,12.46,12.63,342,48146
2016-10-18,12.6,12.33,12.3,12.59,194,20443
2016-10-19,12.48,12.37,12.2,12.25,272,35064
2016-10-20,12.32,12.16,12.07,12.27,312,43366
2016-10-21,12.18,11.98,11.98,12.06,225,40022
2016-10-24,12.35,12.12,12.1,12.18,198,32902
2016-10-25,12.16,11.83,11.79,12.15,178,32366
2016-10-26,12.14,11.8,11.8,11.82,336,53542
2016-10-27,11.99,11.63,11.56,11.8,237,32499
2016-10-28,11.82,11.68,11.56,11.6,223,33579
2016-10-31,11.86,11.79,11.6,11.77,151,29916
2016-11-01,12.11,11.75,11.61,11.95,206,44019
2016-11-02,11.98,11.85,11.66,11.7,498,70039
2016-11-03,11.7,11.66,11.36,11.7,355,77824
2016-11-04,11.79,11.44,11.43,11.66,425,50756
2016-11-07,11.77,11.6,11.42,11.54,468,61015
2016-11-08,11.71,11.57,11.35,11.55,366,63555
2016-11-09,13.12,12.94,11.25,11.33,687,99806
2016-11-10,13.44,13.29,12.99,13.0,808,122213
2016-11-11,14.09,13.9,13.19,13.19,466,79377
2016-11-14,14.64,14.2,13.99,14.04,646,86280
2016-11-15,14.2,14.02,13.83,14.2,278,43815
2016-11-16,14.5,14.43,13.95,14.01,431,62378
2016-11-17,14.84,14.69,14.43,14.43,408,68965
2016-11-18,15.13,14.99,14.59,14.68,486,83633
2016-11-21,15.16,15.06,14.73,14.94,342,48423
2016-11-22,15.4,15.4,14.92,14.98,306,53491
2016-11-23,15.43,15.31,15.26,15.37,381,60810
2016-11-25,15.67,15.46,15.3,15.34,187,35728
2016-11-28,15.45,15.1,15.08,15.41,352,41194
2016-11-29,15.18,14.91,14.88,15.1,334,49576
2016-11-30,15.05,14.43,14.43,14.91,342,66950
2016-12-01,14.89,14.77,14.45,14.45,420,61859
2016-12-02,14.87,14.39,14.39,14.76,234,42683
2016-12-05,14.8,14.66,14.51,14.51,319,43733
2016-12-06,14.99,14.98,14.52,14.69,239,31714
2016-12-07,15.43,15.34,14.95,14.98,283,34582
2016-12-08,15.95,15.63,15.2,15.2,429,60818
2016-12-09,16.039,15.87,15.59,15.69,346,42666
2016-12-12,16.46,16.05,15.94,15.94,400,42492
2016-12-13,16.25,15.75,15.7,16.17,327,39062
2016-12-14,15.86,15.63,15.55,15.75,245,29919
2016-12-15,15.93,15.66,15.56,15.56,337,55585
2016-12-16,15.96,15.49,15.46,15.75,447,233737
2016-12-19,15.91,15.83,15.51,15.58,272,42419
2016-12-20,16.2,16.2,15.82,15.96,245,40258
2016-12-21,16.23,16.07,16.0,16.17,194,28587
2016-12-22,16.1,15.91,15.76,16.1,286,31812
2016-12-23,15.98,15.9,15.74,15.98,172,19804
2016-12-27,16.0,15.58,15.57,15.96,179,20225
2016-12-28,15.965,15.78,15.57,15.63,347,37925
2016-12-29,15.99,15.76,15.69,15.71,190,23943
2016-12-30,15.79,15.67,15.64,15.75,171,32775
2017-01-03,16.16,15.99,15.61,15.79,468,67838
2017-01-04,16.14,16.08,15.94,15.99,321,50164
2017-01-05,16.11,15.79,15.62,15.97,317,32540
2017-01-06,16.04,15.77,15.58,15.94,274,30296
2017-01-09,15.88,15.59,15.44,15.78,250,29647
2017-01-10,15.84,15.72,15.6,15.65,250,24484
2017-01-11,15.99,15.75,15.56,15.85,247,32319
2017-01-12,15.59,15.54,15.25,15.55,266,34724
2017-01-13,15.82,15.53,15.39,15.61,154,22240
2017-01-17,15.51,15.19,15.14,15.51,205,28348
2017-01-18,15.32,15.26,15.06,15.27,233,28980
2017-01-19,15.29,15.02,14.9,15.27,217,34055
2017-01-20,15.24,14.92,14.9,14.99,209,42128
2017-01-23,15.01,14.69,14.59,14.91,349,41689
2017-01-24,14.92,14.8,14.58,14.78,356,59238
2017-01-25,15.21,14.99,14.88,14.98,364,46535
2017-01-26,15.0,14.45,14.39,14.97,256,43375
2017-01-27,14.49,14.32,14.17,14.43,287,41795
2017-01-30,14.35,14.05,14.03,14.35,224,54300
2017-01-31,14.27,14.18,13.72,13.97,249,52540
2017-02-01,14.56,14.37,14.22,14.3,255,33338
2017-02-02,14.67,14.24,14.23,14.37,226,28770
2017-02-03,14.42,14.36,14.22,14.42,170,28282
2017-02-06,14.44,14.25,14.13,14.36,244,30360
2017-02-07,14.31,13.92,13.92,14.23,228,37150
2017-02-08,13.95,13.65,13.46,13.95,483,39011
2017-02-09,14.24,14.07,13.71,13.71,256,32504
2017-02-10,14.4,14.3,14.12,14.2,228,30316
2017-02-13,14.79,14.7,14.34,14.34,509,66966
2017-02-14,14.99,14.99,14.57,14.68,278,32689
2017-02-15,15.03,14.96,14.75,14.97,242,26619
2017-02-16,15.04,14.78,14.72,15.02,172,19978
2017-02-17,14.78,14.69,14.435,14.78,304,84340
2017-02-21,14.74,14.52,14.42,14.69,253,27691
2017-02-22,15.05,14.75,14.39,14.39,268,30908
2017-02-23,14.77,14.72,14.57,14.77,132,15609
2017-02-24,14.78,14.72,14.6,14.6,228,28131
2017-02-27,14.75,14.74,14.57,14.71,200,26512
2017-02-28,14.84,14.76,14.58,14.69,417,61333
2017-03-01,15.44,15.37,14.78,14.99,379,50162
2017-03-02,15.42,15.23,15.19,15.31,324,49847
2017-03-03,15.32,15.17,15.06,15.32,172,24202
2017-03-06,15.19,15.1,14.98,15.1,220,29872
2017-03-07,15.1,14.99,14.95,15.1,268,24965
2017-03-08,15.14,14.93,14.92,15.09,141,19209
2017-03-09,15.07,14.38,14.36,15.07,270,29730
2017-03-10,14.62,14.56,14.28,14.51,366,46545
2017-03-13,14.48,14.02,14.02,14.48,245,20870
2017-03-14,14.21,14.15,13.92,14.03,220,25859
2017-03-15,14.27,14.14,14.04,14.25,355,59763
2017-03-16,14.2,12.89,12.52,14.2,1317,215465
2017-03-17,12.81,12.34,12.28,12.81,739,283826
2017-03-20,12.86,12.45,12.2,12.49,631,106489
2017-03-21,12.82,12.37,12.35,12.47,755,94073
2017-03-22,12.44,12.32,12.06,12.36,651,90550
2017-03-23,12.55,12.42,12.27,12.28,374,57940
2017-03-24,12.82,12.35,12.27,12.47,595,76726
2017-03-27,12.525,12.36,12.18,12.18,387,51070
2017-03-28,12.71,12.63,12.2,12.39,295,54979
2017-03-29,12.71,12.61,12.48,12.63,296,50505
2017-03-30,12.88,12.73,12.6,12.6,262,43843
2017-03-31,12.86,12.77,12.68,12.75,288,54383
2017-04-03,12.98,12.71,12.64,12.78,883,104707
2017-04-04,12.9,12.7,12.65,12.75,329,62929
2017-04-05,12.8,12.36,12.35,12.78,513,82538
2017-04-06,12.49,12.4,12.15,12.41,495,68286
2017-04-07,12.58,12.48,12.31,12.34,420,50485
2017-04-10,12.51,12.1,12.0,12.51,647,77795
2017-04-11,12.17,11.95,11.81,12.12,628,81735
2017-04-12,12.0,11.58,11.53,11.88,450,64113
2017-04-13,11.57,11.41,11.28,11.55,373,74996
2017-04-17,11.609,11.59,11.3,11.48,399,49228
2017-04-18,11.59,11.54,11.4,11.48,331,46483
2017-04-19,11.73,11.56,11.55,11.59,445,50216
2017-04-20,11.78,11.6,11.51,11.6,347,44453
2017-04-21,11.72,11.6,11.57,11.58,215,38562
2017-04-24,11.95,11.66,11.59,11.78,333,42416
2017-04-25,11.87,11.75,11.73,11.76,357,44564
2017-04-26,12.48,12.44,11.71,11.71,487,54561
2017-04-27,12.47,12.32,12.24,12.47,200,23294
2017-04-28,12.3,12.1,12.09,12.3,290,41798
2017-05-01,12.39,12.25,12.05,12.16,250,25508
2017-05-02,12.3,12.19,12.18,12.26,185,19341
2017-05-03,12.39,12.2,12.13,12.13,365,44267
2017-05-04,13.49,13.15,12.55,12.55,598,78632
2017-05-05,13.2,12.06,12.03,13.2,450,62495
2017-05-08,12.67,12.62,12.09,12.09,456,75655
2017-05-09,13.42,12.94,12.65,12.65,532,113148
2017-05-10,12.9,12.47,12.43,12.9,324,50497
2017-05-11,12.82,12.74,12.26,12.35,357,51051
2017-05-12,12.72,12.48,12.4,12.72,323,43586
2017-05-15,12.78,12.63,12.38,12.5,467,70048
2017-05-16,12.62,12.38,12.27,12.62,238,31468
2017-05-17,12.31,12.23,12.11,12.25,269,48988
2017-05-18,12.37,12.27,12.2,12.25,211,26995
2017-05-19,12.33,12.22,12.14,12.27,245,37811
2017-05-22,12.34,12.31,12.15,12.23,325,43171
2017-05-23,12.39,12.35,12.2,12.34,219,24547
2017-05-24,12.57,12.42,12.22,12.33,346,45859
2017-05-25,12.59,12.51,12.33,12.44,226,25219
2017-05-26,12.86,12.77,12.469,12.49,323,43566
2017-05-30,12.74,12.57,12.39,12.69,257,39483
2017-05-31,12.75,12.74,12.41,12.58,423,51308
2017-06-01,13.0,13.0,12.63,12.76,254,34778
2017-06-02,13.27,13.08,13.01,13.01,537,60716
2017-06-05,13.0,12.75,12.57,13.0,377,45378
2017-06-06,12.76,12.73,12.37,12.66,201,30234
2017-06-07,12.7,12.53,12.45,12.7,228,30904
2017-06-08,13.24,13.11,12.45,12.53,600,72685
2017-06-09,14.11,13.64,13.1,13.13,794,105736
2017-06-12,13.85,13.51,13.2,13.63,632,52332
2017-06-13,13.56,13.19,13.08,13.43,707,73326
2017-06-14,13.23,13.15,12.91,13.19,348,43693
2017-06-15,13.41,13.26,13.06,13.14,341,40213
2017-06-16,13.31,13.29,12.87,13.13,328,128719
2017-06-19,13.33,13.04,12.94,13.33,305,32296
2017-06-20,13.1,12.88,12.81,12.95,273,43827
2017-06-21,12.94,12.64,12.6,12.94,289,24157
2017-06-22,12.97,12.96,12.52,12.63,305,40928
2017-06-23,13.01,12.92,12.82,12.95,212,108468
2017-06-26,13.01,12.92,12.83,12.94,186,28070
2017-06-27,13.17,12.8,12.79,12.94,275,32491
2017-06-28,13.18,12.89,12.82,12.82,295,38201
2017-06-29,13.09,13.03,12.79,13.0,263,35202
2017-06-30,13.12,13.02,12.87,13.1,342,50894
2017-07-03,13.46,13.25,13.06,13.06,133,15843
2017-07-05,13.21,12.82,12.77,13.2,243,49392
2017-07-06,12.87,12.61,12.6,12.74,197,29163
2017-07-07,12.68,12.61,12.54,12.62,256,27914
2017-07-10,12.68,12.39,12.37,12.55,249,35340
2017-07-11,12.42,12.4,12.08,12.34,407,43388
2017-07-12,12.55,12.24,12.23,12.42,171,17852
2017-07-13,12.32,12.06,12.04,12.23,271,24353
2017-07-14,12.27,12.19,11.95,11.95,245,33519
2017-07-17,12.28,12.22,12.05,12.07,377,35388
2017-07-18,12.19,12.15,11.98,12.1,203,29952
2017-07-19,12.36,12.27,12.14,12.14,204,13076
2017-07-20,12.4,12.38,12.24,12.25,110,12854
2017-07-21,12.47,12.38,12.28,12.47,229,36447
2017-07-24,12.44,12.23,12.1,12.44,132,17900
2017-07-25,12.45,12.36,12.26,12.3,119,18848
2017-07-26,12.42,12.22,12.19,12.37,301,34113
2017-07-27,12.24,12.17,12.03,12.2,387,55080
2017-07-28,12.31,12.25,12.17,12.17,354,48706
2017-07-31,12.66,12.61,12.09,12.31,383,52635
2017-08-01,12.76,12.49,12.39,12.61,145,14287
2017-08-02,12.46,12.31,12.24,12.46,154,19694
2017-08-03,12.38,12.17,12.16,12.28,150,15182
2017-08-04,12.46,12.43,12.16,12.24,134,15549
2017-08-07,12.63,12.54,12.37,12.43,253,24819
2017-08-08,13.04,12.85,12.53,12.53,359,38018
2017-08-09,13.75,13.31,13.14,13.25,437,86008
2017-08-10,12.6,11.26,11.235,12.6,952,152167
2017-08-11,11.735,11.53,11.301,11.35,861,192418
2017-08-14,12.0,11.73,11.44,11.6,947,117937
2017-08-15,11.96,11.66,11.6,11.86,579,83500
2017-08-16,11.8,11.69,11.67,11.68,427,55686
2017-08-17,11.68,11.56,11.2,11.66,696,101915
2017-08-18,12.0,11.85,11.5,11.52,812,171118
2017-08-21,11.77,11.67,11.21,11.77,421,72755
2017-08-22,11.74,11.42,11.4,11.64,410,57486
2017-08-23,11.61,11.28,11.2,11.36,322,47218
2017-08-24,11.55,11.39,11.36,11.44,630,81150
2017-08-25,11.48,11.46,11.23,11.37,467,73236
2017-08-28,11.56,11.44,11.26,11.56,398,68004
2017-08-29,11.5,11.49,11.34,11.36,271,44160
2017-08-30,11.63,11.54,11.4,11.4,423,74992
2017-08-31,11.64,11.38,11.26,11.59,444,63798
2017-09-01,11.47,11.26,11.21,11.37,275,35348
2017-09-05,11.05,9.35,9.03,11.02,1556,360671
2017-09-06,10.48,10.02,9.17,9.55,1416,284415
2017-09-07,10.15,9.48,9.23,9.82,1129,240641
2017-09-08,9.5,9.37,8.86,9.43,2887,633026
2017-09-11,11.74,11.39,10.55,11.0,2189,550412
2017-09-12,12.06,12.04,11.155,11.26,1500,373090
2017-09-13,13.03,12.99,12.0,12.03,1408,310319
2017-09-14,12.85,12.76,12.34,12.8,1349,291230
2017-09-15,13.56,12.87,12.58,12.72,949,521798
2017-09-18,12.83,12.55,12.43,12.76,586,94233
2017-09-19,12.72,11.83,11.74,12.72,820,141954
2017-09-20,12.03,11.81,11.75,11.87,678,101282
2017-09-21,11.93,11.75,11.5,11.81,447,77068
2017-09-22,12.27,12.25,11.75,11.75,557,97062
2017-09-25,12.92,12.87,12.25,12.25,1590,221818
2017-09-26,12.87,12.79,12.45,12.84,718,113378
2017-09-27,13.14,12.99,12.64,12.93,1191,181000
2017-09-28,13.19,13.16,12.82,12.93,1001,150081
2017-09-29,13.39,13.21,12.96,13.08,863,151939
2017-10-02,14.01,14.0,13.01,13.01,1161,228661
2017-10-03,14.08,13.88,13.72,13.89,788,148590
2017-10-04,14.08,14.05,13.88,13.9,832,138983
2017-10-05,14.4,14.31,14.03,14.03,891,150456
2017-10-06,14.79,14.53,14.26,14.3,478,67357
2017-10-09,14.63,14.55,14.48,14.5,408,63502
2017-10-10,14.83,14.71,14.58,14.61,524,87719
2017-10-11,14.85,14.71,14.61,14.7,338,69791
2017-10-12,15.191,15.08,14.7,14.7,569,103722
2017-10-13,15.27,15.15,14.76,15.0,410,57602
2017-10-16,15.56,15.5,15.12,15.12,360,59426
2017-10-17,15.8,15.6,15.44,15.48,568,105255
2017-10-18,16.05,15.96,15.55,15.68,782,117278
2017-10-19,15.98,15.85,15.64,15.76,729,121240
2017-10-20,16.25,15.87,15.8,16.13,382,67470
2017-10-23,15.95,15.86,15.66,15.87,449,63390
2017-10-24,16.135,16.08,15.89,15.91,528,82408
2017-10-25,16.42,16.3,16.05,16.09,820,93718
2017-10-26,16.59,16.58,16.35,16.38,642,95734
2017-10-27,16.59,16.45,16.25,16.58,437,72804
2017-10-30,16.54,16.29,16.23,16.36,497,94789
2017-10-31,16.46,16.04,16.04,16.33,781,117029
2017-11-01,16.11,15.6,15.46,16.04,859,152578
2017-11-02,16.46,16.45,15.41,15.68,933,132252
2017-11-03,16.68,16.53,16.3,16.47,955,160725
2017-11-06,16.95,16.88,16.45,16.51,534,89317
2017-11-07,16.95,16.68,16.59,16.89,589,85479
2017-11-08,16.76,16.7,16.55,16.7,449,84142
2017-11-09,16.98,16.98,16.55,16.58,394,65406
2017-11-10,17.3,17.15,16.66,17.0,830,111704
2017-11-13,17.28,16.92,16.85,17.19,305,47293
2017-11-14,16.8,16.74,16.6,16.79,588,97009
2017-11-15,17.19,17.0,16.77,16.78,340,63154
2017-11-16,17.09,16.63,16.58,16.92,377,69641
2017-11-17,17.43,17.43,16.49,16.56,618,238817
2017-11-20,17.92,17.9,17.21,17.43,586,116779
2017-11-21,17.99,17.63,17.58,17.75,435,81922
2017-11-22,17.8,17.48,17.43,17.6,752,93591
2017-11-24,17.54,17.43,17.33,17.54,310,35562
2017-11-27,17.74,17.54,17.35,17.43,527,84941
2017-11-28,18.66,18.63,17.63,17.65,1397,271271
2017-11-29,18.64,17.99,17.89,18.64,888,139097
2017-11-30,18.52,17.98,17.7,18.14,727,118293
2017-12-01,18.42,18.0,17.475,18.42,569,84634
2017-12-04,18.47,18.05,17.89,18.28,507,85107
2017-12-05,18.12,17.69,17.68,18.12,423,59844
2017-12-06,17.78,17.64,17.42,17.66,712,96367
2017-12-07,17.68,17.39,17.17,17.68,619,78582
2017-12-08,17.49,17.47,17.32,17.45,203,33672
2017-12-11,17.54,17.4,17.11,17.54,270,44303
2017-12-12,17.8,17.63,17.47,17.47,341,52476
2017-12-13,17.89,17.2,17.175,17.61,516,100933
2017-12-14,17.31,16.8,16.78,17.3,473,107071
2017-12-15,17.75,17.51,16.86,16.86,539,658852
2017-12-18,17.79,17.28,17.07,17.72,554,131478
2017-12-19,17.52,16.98,16.89,17.28,420,102247
2017-12-20,17.25,16.93,16.79,17.15,305,52179
2017-12-21,17.04,16.86,16.77,16.97,306,52004
2017-12-22,16.87,16.81,16.69,16.86,408,75157
2017-12-26,17.33,17.28,16.87,16.87,251,34800
2017-12-27,17.69,17.6,17.27,17.27,340,49632
2017-12-28,17.86,17.84,17.57,17.57,269,41921
2017-12-29,18.16,18.02,17.84,17.9,338,58544
2018-01-02,18.04,17.69,17.52,18.04,231,58491
2018-01-03,17.82,17.65,17.53,17.59,310,42407
2018-01-04,17.79,17.74,17.54,17.63,203,50164
2018-01-05,18.0,17.97,17.63,17.74,222,46419
2018-01-08,17.98,17.45,17.07,17.98,491,76014
2018-01-09,17.58,17.16,17.16,17.51,151,23961
2018-01-10,17.92,17.79,17.23,17.31,396,60069
2018-01-11,18.02,17.9,17.61,17.77,386,50882
2018-01-12,18.26,18.13,17.62,17.87,445,76508
2018-01-16,18.76,18.4,18.23,18.25,419,79857
2018-01-17,18.92,18.82,18.27,18.51,379,40396
2018-01-18,19.13,18.95,18.5,18.75,499,106322
2018-01-19,19.11,18.94,18.82,18.93,334,43798
2018-01-22,18.65,17.59,17.58,18.0,750,122197
2018-01-23,17.75,17.59,17.33,17.63,353,57251
2018-01-24,17.67,17.34,17.09,17.67,209,30675
2018-01-25,17.59,17.52,17.25,17.38,208,42407
2018-01-26,17.52,16.79,16.49,17.52,711,94282
2018-01-29,17.17,17.02,16.78,16.81,263,50030
2018-01-30,17.21,17.05,16.86,16.91,244,31775
2018-01-31,17.26,17.03,16.93,17.06,350,78318
2018-02-01,17.29,17.28,17.02,17.04,255,31045
2018-02-02,17.51,17.46,17.15,17.24,356,43692
2018-02-05,17.48,16.93,16.93,17.21,267,38845
2018-02-06,17.26,17.09,16.67,16.67,501,59150
2018-02-07,17.27,17.02,16.87,17.09,345,41986
2018-02-08,16.99,16.64,16.64,16.99,370,50332
2018-02-09,17.14,17.06,16.55,16.8,308,56292
2018-02-12,17.21,16.35,16.31,17.21,270,42600
2018-02-13,16.35,16.31,15.87,16.23,389,67300
2018-02-14,17.0,16.9,16.28,16.28,226,38235
2018-02-15,17.17,16.9,16.87,16.91,297,41913
2018-02-16,17.175,16.79,16.76,16.82,245,33275
2018-02-20,16.88,16.6,16.42,16.72,302,33472
2018-02-21,17.4,17.17,16.65,16.65,388,50318
2018-02-22,17.27,16.95,16.87,17.19,195,36759
2018-02-23,17.19,16.98,16.82,16.99,294,31987
2018-02-26,17.16,17.02,16.93,17.0,199,36628
2018-02-27,17.48,17.0,16.93,17.02,223,33039
2018-02-28,17.07,16.68,16.63,17.07,172,62539
2018-03-01,16.83,16.77,16.55,16.73,232,32585
2018-03-02,16.71,16.5,16.39,16.63,228,37618
2018-03-05,17.3,17.25,16.43,16.49,430,63927
2018-03-06,17.24,17.11,16.83,17.24,195,32972
2018-03-07,17.43,17.28,16.98,16.98,332,49321
2018-03-08,18.14,17.6,17.08,17.75,934,142884
2018-03-09,17.81,17.55,17.35,17.81,466,85524
2018-03-12,17.66,17.47,17.38,17.62,294,42731
2018-03-13,17.56,17.25,17.19,17.56,348,56284
2018-03-14,17.24,17.11,16.93,17.2,381,55422
2018-03-15,17.47,17.42,17.02,17.19,294,51031
2018-03-16,17.62,17.32,17.22,17.39,577,203234
2018-03-19,17.35,17.16,17.02,17.27,619,107864
2018-03-20,17.235,17.03,16.98,17.11,587,75768
2018-03-21,17.1,16.71,16.66,17.0,360,47761
2018-03-22,16.59,16.16,16.14,16.55,401,62684
2018-03-23,16.16,15.71,15.71,16.16,338,53219
2018-03-26,15.94,15.62,15.42,15.89,269,40197
2018-03-27,15.76,15.43,15.36,15.72,428,55080
2018-03-28,15.68,15.34,15.29,15.64,445,80131
2018-03-29,15.51,15.16,15.15,15.4,385,77568
2018-04-02,15.24,15.07,14.95,15.1,632,84952
2018-04-03,15.23,15.18,15.0,15.09,506,70231
2018-04-04,16.44,16.35,15.0,15.03,999,150605
2018-04-05,16.44,16.05,15.81,16.44,706,98447
2018-04-06,16.33,16.04,15.88,15.88,730,86878
2018-04-09,16.06,15.99,15.89,16.06,403,71306
2018-04-10,16.28,16.1,15.94,16.13,561,88294
2018-04-11,16.08,16.07,15.86,15.91,290,43614
2018-04-12,16.2,15.93,15.82,16.2,294,45524
2018-04-13,16.0,15.87,15.64,16.0,399,58460
2018-04-16,16.32,16.2,15.93,15.99,302,46051
2018-04-17,16.28,16.2,16.07,16.26,261,33286
2018-04-18,16.4,16.18,16.1,16.27,235,38634
2018-04-19,16.44,16.37,16.21,16.21,382,53107
2018-04-20,16.57,16.39,16.32,16.32,172,31050
2018-04-23,16.47,16.34,16.14,16.45,250,34963
2018-04-24,16.39,16.17,16.1,16.35,322,46050
2018-04-25,16.3,16.07,15.99,16.18,456,51142
2018-04-26,16.15,15.69,15.66,16.1,265,37886
2018-04-27,15.79,15.62,15.51,15.62,232,44970
2018-04-30,15.84,15.7,15.64,15.71,193,37677
2018-05-01,15.73,15.65,15.46,15.72,272,36923
2018-05-02,15.63,15.37,15.08,15.63,335,44438
2018-05-03,15.44,15.2,15.07,15.34,235,27813
2018-05-04,15.41,15.19,15.01,15.11,357,44101
2018-05-07,15.36,15.11,15.01,15.23,269,34417
2018-05-08,16.45,16.09,15.33,15.33,837,107178
2018-05-09,16.35,16.28,16.06,16.18,414,81039
2018-05-10,16.56,16.54,16.15,16.29,358,44751
2018-05-11,17.12,17.04,16.5,16.5,486,72199
2018-05-14,17.02,16.55,16.49,17.02,407,49241
2018-05-15,17.19,17.04,16.66,16.68,314,65145
2018-05-16,17.42,17.25,16.99,17.03,205,32717
2018-05-17,17.61,17.52,17.25,17.34,196,29556
2018-05-18,17.655,17.51,17.45,17.57,125,35365
2018-05-21,17.88,17.81,17.58,17.62,246,41956
2018-05-22,17.84,17.69,17.62,17.78,198,35493
2018-05-23,17.98,17.94,17.64,17.65,271,53528
2018-05-24,17.92,17.72,17.41,17.92,357,54167
2018-05-25,17.76,17.67,17.48,17.76,252,33985
2018-05-29,17.68,17.02,16.92,17.64,430,47997
2018-05-30,17.41,17.24,17.13,17.15,172,31269
2018-05-31,17.18,16.88,16.53,17.18,543,75161
2018-06-01,17.05,16.94,16.88,17.05,129,21105
2018-06-04,17.0,16.95,16.7,16.99,272,46107
2018-06-05,17.01,16.91,16.85,16.96,416,44956
2018-06-06,16.95,16.81,16.73,16.9,347,72265
2018-06-07,17.27,16.97,16.78,16.89,494,85801
2018-06-08,17.495,17.42,16.93,16.93,201,42787
2018-06-11,17.42,17.2,17.1,17.34,371,48235
2018-06-12,17.24,16.94,16.88,17.24,195,24928
2018-06-13,17.02,16.72,16.65,16.9,245,52668
2018-06-14,16.62,16.44,16.27,16.62,245,39888
2018-06-15,16.43,16.14,16.1,16.39,269,157551
2018-06-18,16.12,16.03,15.85,16.12,307,41431
2018-06-19,16.3,16.27,15.86,15.88,190,28200
2018-06-20,16.46,16.46,16.15,16.28,198,32789
2018-06-21,16.55,16.5,16.26,16.47,302,64613
2018-06-22,16.86,16.62,16.45,16.59,510,319725
2018-06-25,16.9,16.87,16.48,16.63,171,33649
2018-06-26,17.39,17.29,16.76,16.87,353,48661
2018-06-27,17.28,16.72,16.71,17.28,226,28269
2018-06-28,16.99,16.76,16.7,16.77,226,36956
2018-06-29,16.84,16.67,16.64,16.8,203,40305
2018-07-02,16.8,16.79,16.55,16.62,157,20707
2018-07-03,16.91,16.72,16.62,16.82,120,21440
2018-07-05,16.79,16.63,16.53,16.79,169,26945
2018-07-06,16.84,16.63,16.53,16.61,195,32144
2018-07-09,16.97,16.78,16.69,16.71,181,24694
2018-07-10,16.86,16.63,16.57,16.83,166,25312
2018-07-11,16.73,16.67,16.51,16.67,169,26071
2018-07-12,16.81,16.76,16.4,16.77,281,28617
2018-07-13,16.88,16.82,16.71,16.77,160,22575
2018-07-16,16.98,16.98,16.79,16.83,126,17327
2018-07-17,17.2,17.0,16.97,16.99,116,17709
2018-07-18,17.04,16.75,16.71,17.04,142,19894
2018-07-19,16.84,16.82,16.65,16.69,181,23247
2018-07-20,17.13,17.09,16.76,16.86,290,41725
2018-07-23,17.13,17.13,16.94,17.07,202,22448
2018-07-24,17.3,17.26,17.13,17.22,146,14428
2018-07-25,17.26,17.19,17.08,17.26,95,18446
2018-07-26,17.88,17.46,17.23,17.24,247,38389
2018-07-27,17.69,17.35,17.07,17.48,192,25277
2018-07-30,17.64,17.17,17.14,17.35,247,33743
2018-07-31,17.24,17.17,16.88,17.19,218,37514
2018-08-01,17.22,16.61,16.53,17.17,217,27872
2018-08-02,17.1,16.87,16.63,16.63,299,41297
2018-08-03,15.33,15.01,14.33,14.95,635,103487
2018-08-06,15.06,15.06,14.27,14.27,505,78689
2018-08-07,15.16,15.0,14.85,14.99,441,68835
2018-08-08,15.0,14.33,14.31,14.96,316,45697
2018-08-09,14.57,14.32,14.29,14.37,318,47286
2018-08-10,14.67,14.64,14.24,14.42,337,58330
2018-08-13,15.04,15.01,14.61,14.64,140,25602
2018-08-14,16.09,16.0,15.36,15.52,484,68286
2018-08-15,16.08,15.71,15.615,15.93,218,36569
2018-08-16,16.03,15.67,15.59,15.66,167,34138
2018-08-17,15.76,15.49,15.44,15.61,258,62496
2018-08-20,15.62,15.5,15.4,15.45,208,26907
2018-08-21,15.5,15.03,14.98,15.45,299,47943
2018-08-22,14.99,14.72,14.68,14.98,207,36202
2018-08-23,15.01,14.93,14.51,14.75,693,84104
2018-08-24,15.45,14.99,14.93,15.13,372,55591
2018-08-27,15.25,14.76,14.71,15.05,205,35715
2018-08-28,14.86,14.74,14.61,14.75,306,32056
2018-08-29,14.81,14.53,14.52,14.7,186,27324
2018-08-30,14.56,14.5,14.43,14.51,278,30135
2018-08-31,14.66,14.65,14.4,14.41,188,36051
2018-09-04,15.09,15.08,14.58,14.58,608,69961
2018-09-05,15.16,15.13,15.0,15.0,223,21938
2018-09-06,15.57,15.19,15.16,15.18,664,56486
2018-09-07,15.42,15.33,15.13,15.15,313,39000
2018-09-10,15.27,15.08,14.86,15.27,402,48450
2018-09-11,15.3,15.13,14.96,14.96,260,35889
2018-09-12,15.1,14.76,14.75,15.07,683,74114
2018-09-13,15.8,15.78,14.77,14.77,387,29124
2018-09-14,15.75,15.57,15.29,15.75,429,43413
2018-09-17,15.67,15.58,15.4,15.54,264,34952
2018-09-18,15.6,15.34,15.34,15.6,124,11590
2018-09-19,15.67,15.63,15.3,15.3,298,31570
2018-09-20,15.72,15.56,15.52,15.72,143,13525
2018-09-21,15.8,15.69,15.53,15.53,407,110606
2018-09-24,15.7,15.35,15.27,15.65,150,12448
2018-09-25,15.43,15.32,15.29,15.34,122,12538
2018-09-26,15.27,15.21,15.14,15.17,207,15673
2018-09-27,15.19,14.94,14.85,15.19,181,20147
2018-09-28,14.95,14.82,14.78,14.86,331,45532
2018-10-01,15.28,14.73,14.71,14.92,330,31543
2018-10-02,14.82,14.59,14.41,14.64,233,32186
2018-10-03,14.61,14.32,14.27,14.61,657,81833
2018-10-04,14.4,14.25,14.01,14.26,849,89864
2018-10-05,14.78,14.69,14.23,14.23,426,43865
2018-10-08,14.69,14.45,14.44,14.67,399,39824
2018-10-09,14.7,14.61,14.38,14.38,213,30923
2018-10-10,14.5,14.15,14.15,14.48,441,62186
2018-10-11,14.11,13.67,13.66,14.01,353,37711
2018-10-12,13.79,13.25,12.89,13.6,630,109869
2018-10-15,13.39,13.14,12.96,12.96,297,45129
2018-10-16,13.54,13.5,12.98,13.15,669,82117
2018-10-17,13.47,13.39,13.07,13.43,371,37026
2018-10-18,13.47,13.31,13.12,13.29,263,33261
2018-10-19,13.59,13.31,13.31,13.31,214,34644
2018-10-22,13.81,13.51,13.25,13.25,141,15301
2018-10-23,13.61,13.5,13.28,13.35,218,49840
2018-10-24,13.49,13.12,13.12,13.39,386,39965
2018-10-25,13.46,13.37,13.16,13.17,260,30801
2018-10-26,13.87,13.79,13.29,13.29,436,36335
2018-10-29,14.05,13.84,13.77,13.93,300,33059
2018-10-30,14.1,14.09,13.7,13.84,319,29889
2018-10-31,14.19,13.96,13.94,14.18,296,34894
2018-11-01,15.5,15.04,14.36,14.65,569,75884
2018-11-02,16.4,16.35,15.34,15.34,1264,208870
2018-11-05,16.68,16.03,15.95,16.38,788,76350
2018-11-06,16.685,16.56,16.21,16.21,337,41420
2018-11-07,16.63,16.25,15.91,16.63,616,85604
2018-11-08,16.92,16.86,16.5,16.57,331,41816
2018-11-09,16.92,16.25,16.135,16.8,334,51865
2018-11-12,16.64,16.28,16.12,16.15,579,74099
2018-11-13,16.62,16.15,16.13,16.28,414,43877
2018-11-14,16.35,15.83,15.61,16.35,340,35424
2018-11-15,16.11,16.08,15.59,15.7,179,26030
2018-11-16,15.96,15.85,15.61,15.96,266,58512
2018-11-19,16.16,16.12,15.8,15.82,275,26436
2018-11-20,16.07,15.91,15.84,16.01,502,40763
2018-11-21,16.37,16.18,15.92,15.96,589,61865
2018-11-23,16.37,16.2,16.1,16.1,158,17488
2018-11-26,16.46,16.16,16.0,16.27,812,81227
2018-11-27,16.35,15.89,15.88,16.16,172,23973
2018-11-28,16.16,16.15,15.69,15.96,359,38560
2018-11-29,16.07,16.04,15.91,16.04,274,51024
2018-11-30,16.12,16.05,15.95,15.95,283,59917
2018-12-03,16.08,15.71,15.6,16.08,253,30925
2018-12-04,15.65,14.95,14.84,15.65,370,45793
2018-12-06,15.57,15.56,14.82,14.82,804,102591
2018-12-07,15.73,15.11,15.0,15.56,595,67774
2018-12-10,15.24,14.83,14.53,15.24,555,59876
2018-12-11,15.31,14.8,14.8,15.19,480,51115
2018-12-12,15.07,14.82,14.8,14.95,458,55392
2018-12-13,14.74,14.62,14.45,14.74,237,28352
2018-12-14,14.69,14.52,14.5,14.53,277,39196
2018-12-17,15.02,14.74,14.45,14.45,312,38850
2018-12-18,15.16,15.0,14.81,14.81,419,57384
2018-12-19,15.09,14.73,14.67,15.04,414,46828
2018-12-20,15.03,14.9,14.71,14.73,410,38521
2018-12-21,15.2,14.43,14.38,14.92,343,116261
2018-12-24,14.49,14.06,14.0,14.34,369,32737
2018-12-26,14.37,14.35,13.9,14.15,238,37243
2018-12-27,14.45,14.43,14.09,14.15,246,29744
2018-12-28,14.87,14.68,14.42,14.48,290,30333
2018-12-31,14.75,14.72,14.505,14.7,197,30143
2019-01-02,15.01,14.95,14.53,14.6,270,36711
2019-01-03,14.92,14.57,14.5,14.92,297,31947
2019-01-04,15.11,15.0,14.83,14.91,263,38618
2019-01-07,15.11,14.87,14.82,14.99,344,40512
2019-01-08,15.0,15.0,14.71,14.99,277,28723
2019-01-09,15.33,15.0,14.9,15.0,524,63928
2019-01-10,15.09,14.89,14.8,14.91,177,19710
2019-01-11,14.86,14.7,14.62,14.86,242,35319
2019-01-14,14.73,14.68,14.54,14.63,154,20361
2019-01-15,14.69,14.65,14.51,14.67,108,16792
2019-01-16,14.98,14.98,14.68,14.68,150,22237
2019-01-17,15.04,14.95,14.79,14.97,207,18383
2019-01-18,15.11,15.09,14.93,15.0,172,27203
2019-01-22,15.14,14.95,14.83,15.05,281,27917
2019-01-23,15.03,14.99,14.81,14.94,203,16662
2019-01-24,15.0,14.77,14.73,15.0,131,14541
2019-01-25,14.9,14.7,14.66,14.87,229,21159
2019-01-28,14.71,14.59,14.52,14.63,200,18856
2019-01-29,14.63,14.52,14.48,14.58,184,20067
2019-01-30,14.64,14.58,14.5,14.61,199,23640
2019-01-31,14.56,14.52,14.4,14.56,215,50046
2019-02-01,15.0,14.98,14.52,14.61,214,23119
2019-02-04,15.025,14.97,14.72,14.97,164,17216
2019-02-05,15.01,14.87,14.77,15.01,150,12741
2019-02-06,14.95,14.77,14.6,14.84,138,16004
2019-02-07,14.77,14.74,14.51,14.76,130,15109
2019-02-08,14.81,14.76,14.48,14.54,241,33180
2019-02-11,15.12,15.05,14.64,14.84,535,67989
2019-02-12,15.17,14.87,14.78,15.1,290,42485
2019-02-13,14.91,14.76,14.69,14.83,137,14611
2019-02-14,14.7,14.5,14.47,14.7,193,18310
2019-02-15,14.87,14.76,14.61,14.61,185,22632
2019-02-19,15.3,15.28,14.75,14.75,323,31530
2019-02-20,15.17,14.98,14.85,15.1,389,61499
2019-02-21,15.18,15.0,14.94,15.0,295,38867
2019-02-22,15.05,14.99,14.89,15.0,185,25279
2019-02-25,15.12,14.92,14.92,15.02,196,29062
2019-02-26,14.96,14.84,14.83,14.83,142,20785
2019-02-27,15.12,15.07,14.77,14.77,183,24293
2019-02-28,15.05,14.92,14.87,15.0,176,30374
2019-03-01,15.12,14.88,14.5,15.12,263,28459
2019-03-04,15.23,15.12,14.56,14.56,617,76167
2019-03-05,15.19,15.16,14.86,15.06,369,45077
2019-03-06,15.18,14.78,14.7,15.18,549,73214
2019-03-07,14.74,14.14,14.13,14.64,420,52269
2019-03-08,14.2,13.95,13.83,14.07,300,37835
2019-03-11,14.37,14.01,13.86,14.22,476,62582
2019-03-12,14.63,14.31,14.03,14.03,375,55410
2019-03-13,14.695,14.49,14.32,14.32,344,35903
2019-03-14,14.75,14.73,14.52,14.53,322,33968
2019-03-15,15.19,15.03,14.73,14.73,370,122955
2019-03-18,15.26,15.14,14.94,14.94,217,27885
2019-03-19,15.21,14.85,14.78,15.13,274,52532
2019-03-20,14.87,14.6,14.6,14.85,184,23544
2019-03-21,14.78,14.54,14.5,14.51,176,20631
2019-03-22,14.63,14.49,14.35,14.55,197,28605
2019-03-25,15.07,14.74,14.45,14.45,454,42018
2019-03-26,14.84,14.64,14.49,14.8,298,38813
2019-03-27,14.94,14.82,14.6,14.6,258,32289
2019-03-28,14.93,14.7,14.58,14.82,197,26888
2019-03-29,14.83,14.6,14.52,14.81,435,131526
2019-04-01,14.74,14.7,14.48,14.61,250,46485
2019-04-02,14.83,14.69,14.57,14.73,224,33590
2019-04-03,14.79,14.56,14.49,14.79,377,44698
2019-04-04,14.77,14.66,14.56,14.56,273,24870
2019-04-05,14.87,14.71,14.53,14.66,221,32657
2019-04-08,14.67,14.52,14.42,14.67,184,29145
2019-04-09,14.67,14.57,14.01,14.45,297,43205
2019-04-10,14.52,14.47,14.4,14.44,383,36598
2019-04-11,14.56,14.43,14.37,14.56,170,28944
2019-04-12,14.5,14.27,14.22,14.5,208,29179
2019-04-15,14.35,14.16,14.14,14.35,174,21366
2019-04-16,14.51,14.41,14.19,14.22,144,20643
2019-04-17,14.39,14.06,14.03,14.36,214,23511
2019-04-18,14.46,14.29,14.09,14.09,202,32177
2019-04-22,14.2,13.66,13.61,14.09,213,26606
2019-04-23,13.8,13.65,13.55,13.65,270,46074
2019-04-24,13.65,13.48,13.48,13.6,186,27579
2019-04-25,13.51,13.41,13.22,13.44,198,25645
2019-04-26,13.5,13.29,13.26,13.39,197,26091
2019-04-29,13.73,13.59,13.27,13.27,289,34459
2019-04-30,13.68,13.64,13.31,13.59,290,72510
2019-05-01,13.74,13.57,13.57,13.71,277,29911
2019-05-02,13.73,13.65,13.55,13.55,512,50519
2019-05-03,13.74,13.43,13.41,13.74,388,56437
2019-05-06,13.72,13.67,13.23,13.23,607,70328
2019-05-07,14.3,14.0,13.75,13.75,640,77593
2019-05-08,14.26,14.24,13.92,13.95,856,103613
2019-05-09,14.7,14.34,14.05,14.05,1082,114241
2019-05-10,14.73,14.73,14.33,14.33,653,91778
2019-05-13,14.88,14.77,14.62,14.75,771,94011
2019-05-14,15.36,15.16,14.71,14.71,865,89500
2019-05-15,16.04,15.5,15.2,15.49,1335,136421
2019-05-16,16.04,15.8,15.52,15.6,713,76894
2019-05-17,16.05,15.63,15.57,15.79,666,80029
2019-05-20,15.58,15.3,15.25,15.55,380,51755
2019-05-21,15.43,15.33,15.21,15.4,339,47645
2019-05-22,15.46,15.39,15.28,15.37,255,26942
2019-05-23,15.38,15.27,15.0,15.38,464,60147
2019-05-24,15.45,15.37,15.25,15.32,287,32861
2019-05-28,15.43,15.31,15.29,15.43,231,54218
2019-05-29,15.22,15.05,14.95,15.17,349,29905
2019-05-30,15.12,14.69,14.64,15.05,342,40818
2019-05-31,14.68,14.63,14.5,14.53,293,36956
2019-06-03,14.91,14.91,14.55,14.58,667,74409
2019-06-04,15.4,15.4,14.93,14.99,850,76033
2019-06-05,15.48,15.46,15.25,15.45,311,29983
2019-06-06,15.63,15.52,15.29,15.41,500,45915
2019-06-07,15.65,15.46,15.44,15.56,290,27321
2019-06-10,15.73,15.65,15.45,15.45,258,26445
2019-06-11,15.71,15.47,15.31,15.68,336,36714
2019-06-12,15.72,15.6,15.43,15.44,268,23009
2019-06-13,15.63,15.59,15.51,15.63,259,30871
2019-06-14,15.65,15.51,15.45,15.65,283,29576
2019-06-17,15.52,15.25,15.16,15.49,453,46088
2019-06-18,15.42,15.07,14.99,15.31,225,25203
2019-06-19,15.18,15.07,15.07,15.11,288,31416
2019-06-20,15.17,15.02,14.94,15.1,287,36579
2019-06-21,15.14,14.96,14.95,14.95,508,113426
2019-06-24,15.12,14.74,14.69,15.0,417,42990
2019-06-25,15.16,15.05,14.75,14.75,428,42807
2019-06-26,15.16,14.72,14.71,15.04,374,33384
2019-06-27,15.15,15.14,14.71,14.71,360,51814
2019-06-28,15.54,15.41,15.16,15.16,577,692561
2019-07-01,15.71,15.64,15.42,15.51,362,49083
2019-07-02,16.18,15.83,15.7,16.18,818,107734
2019-07-03,16.15,16.03,15.9,15.9,425,42108
2019-07-05,16.17,16.15,15.9,16.07,287,34442
2019-07-08,16.26,16.13,16.06,16.08,152,20150
2019-07-09,16.07,16.04,15.94,16.04,314,32573
2019-07-10,16.12,16.0,15.98,16.04,260,27328
2019-07-11,16.11,16.08,15.91,15.96,367,33400
2019-07-12,16.11,16.04,15.97,16.07,280,31148
2019-07-15,16.03,15.95,15.85,16.03,196,22632
2019-07-16,15.65,15.52,14.94,15.31,534,73469
2019-07-17,15.47,15.29,15.03,15.47,526,64850
2019-07-18,15.32,14.04,14.0,15.29,629,67862
2019-07-19,14.19,14.08,13.42,13.93,468,74834
2019-07-22,14.07,13.73,13.67,13.95,430,50630
2019-07-23,13.84,13.81,13.5,13.73,470,56688
2019-07-24,13.91,13.89,13.57,13.8,552,51738
2019-07-25,13.87,13.53,13.51,13.85,376,42796
2019-07-26,13.6,13.52,13.42,13.57,297,35794
2019-07-29,13.63,13.32,13.29,13.51,420,53521
2019-07-30,13.5,13.37,13.24,13.33,255,51178
2019-07-31,13.69,13.44,13.44,13.45,416,80120
2019-08-01,13.51,13.38,13.23,13.44,440,72478
2019-08-02,15.0,13.91,13.65,15.0,715,99210
2019-08-05,13.65,13.29,13.22,13.65,466,53743
2019-08-06,13.86,13.78,13.29,13.29,486,74438
2019-08-07,14.19,14.06,13.53,13.64,635,74239
2019-08-08,14.57,14.48,14.17,14.17,547,75027
2019-08-09,14.78,14.67,14.47,14.52,569,61086
2019-08-12,14.75,14.43,14.43,14.61,219,16030
2019-08-13,14.62,14.49,14.3,14.33,283,28092
2019-08-14,14.36,14.09,14.03,14.27,323,37483
2019-08-15,14.19,14.06,14.04,14.07,148,15979
2019-08-16,14.47,14.44,14.13,14.13,210,26243
2019-08-19,14.7,14.45,14.43,14.58,266,39392
2019-08-20,14.74,14.38,14.24,14.48,503,69374
2019-08-21,14.62,14.57,14.46,14.47,367,48391
2019-08-22,14.75,14.64,14.6,14.66,303,51160
2019-08-23,14.72,14.3,14.27,14.59,330,39775
2019-08-26,14.44,14.44,14.2,14.36,244,38248
2019-08-27,14.54,14.16,14.11,14.54,312,53470
2019-08-28,14.22,13.33,13.265,14.22,772,103985
2019-08-29,13.69,13.54,13.23,13.32,731,122033
2019-08-30,13.56,13.11,12.9,13.56,456,72280
2019-09-03,14.18,14.01,13.39,13.39,689,84671
2019-09-04,14.21,14.1,13.96,14.13,629,39306
2019-09-05,14.56,14.15,14.14,14.22,270,25544
2019-09-06,14.19,13.93,13.92,14.19,206,24658
2019-09-09,14.19,14.13,13.97,14.01,328,42975
2019-09-10,14.65,14.37,14.15,14.15,590,71699
2019-09-11,14.99,14.95,14.47,14.47,471,48646
2019-09-12,15.41,15.25,14.74,14.87,665,82891
2019-09-13,15.29,15.04,14.77,15.29,617,87672
2019-09-16,15.38,15.17,14.92,14.92,368,40934
2019-09-17,15.14,15.02,14.925,15.09,307,33548
2019-09-18,15.05,14.87,14.79,14.96,183,25482
2019-09-19,15.07,14.76,14.75,14.84,345,38131
2019-09-20,14.84,14.67,14.51,14.74,402,146289
2019-09-23,14.82,14.69,14.5,14.5,256,71114
2019-09-24,15.12,15.02,14.71,14.71,443,62669
2019-09-25,15.1,15.1,14.88,14.96,536,71539
2019-09-26,15.1,15.0,14.98,15.05,145,29438
2019-09-27,15.07,14.86,14.81,15.04,271,53754
2019-09-30,15.06,14.95,14.85,14.88,407,78273
2019-10-01,15.13,14.4,14.38,14.95,290,42908
2019-10-02,14.34,14.03,13.98,14.31,366,55836
2019-10-03,14.21,14.2,13.94,14.05,412,58011
2019-10-04,14.42,14.34,14.19,14.25,376,43256
2019-10-07,14.3,13.83,13.82,14.3,286,25153
2019-10-08,13.9,13.61,13.59,13.71,360,43362
2019-10-09,13.74,13.48,13.4,13.74,304,42896
2019-10-10,14.02,13.83,13.57,13.58,502,75809
2019-10-11,14.21,13.95,13.91,13.99,343,37767
2019-10-14,14.03,13.93,13.87,13.92,226,31029
2019-10-15,14.16,13.86,13.79,13.96,237,38205
2019-10-16,13.92,13.82,13.77,13.8,314,33573
2019-10-17,14.0,13.93,13.83,13.83,300,32682
2019-10-18,14.06,14.0,13.92,13.94,219,27599
2019-10-21,14.22,14.03,14.0,14.15,274,45287
2019-10-22,14.09,13.93,13.92,13.99,275,22998
2019-10-23,13.99,13.98,13.78,13.84,241,27374
2019-10-24,14.0,13.92,13.8,14.0,316,27885
2019-10-25,13.92,13.62,13.58,13.86,343,37417
2019-10-28,13.71,13.52,13.51,13.64,234,23787
2019-10-29,13.65,13.64,13.49,13.55,147,17431
2019-10-30,13.81,13.72,13.54,13.62,220,19432
2019-10-31,13.61,13.32,13.26,13.6,362,58645
2019-11-01,15.58,15.37,14.65,14.65,1050,157634
2019-11-04,15.51,14.82,14.77,15.51,698,71389
2019-11-05,14.57,14.52,14.08,14.3,368,49992
2019-11-06,14.8,14.67,14.51,14.58,645,46519
2019-11-07,14.86,14.74,14.65,14.68,284,34055
2019-11-08,14.84,14.65,14.62,14.67,356,36965
2019-11-11,14.6,14.3,14.27,14.6,498,55791
2019-11-12,14.77,14.41,14.3,14.41,522,57646
2019-11-13,14.44,14.33,14.23,14.28,451,37018
2019-11-14,14.42,14.3,14.1,14.15,460,53222
2019-11-15,14.39,14.01,14.0,14.39,386,52283
2019-11-18,14.05,13.89,13.88,14.0,292,37293
2019-11-19,14.05,13.73,13.63,14.01,289,42258
2019-11-20,13.92,13.64,13.63,13.72,254,48638
2019-11-21,13.68,13.57,13.51,13.68,362,31290
2019-11-22,13.62,13.48,13.47,13.55,287,42615
2019-11-25,13.64,13.54,13.5,13.52,397,55822
2019-11-26,13.73,13.48,13.43,13.56,387,48594
2019-11-27,13.61,13.57,13.44,13.61,351,41582
2019-11-29,13.8,13.69,13.55,13.56,189,23504
2019-12-02,13.73,13.53,13.52,13.73,385,42849
2019-12-03,13.44,13.31,13.14,13.41,366,41795
2019-12-04,13.54,13.44,13.3,13.4,255,38492
2019-12-05,13.48,13.22,13.22,13.48,178,16162
2019-12-06,13.37,13.27,13.2,13.26,299,28287
2019-12-09,13.3,13.24,13.14,13.24,193,28672
2019-12-10,13.41,13.36,13.17,13.3,274,28577
2019-12-11,13.39,13.27,13.12,13.37,260,35635
2019-12-12,13.8,13.4,13.34,13.34,437,39959
2019-12-13,13.39,13.21,13.0,13.39,250,28716
2019-12-16,13.38,13.19,13.14,13.29,237,31559
2019-12-17,13.28,13.15,13.03,13.19,288,22453
2019-12-18,13.26,13.09,13.075,13.23,276,28294
2019-12-19,13.04,12.94,12.74,12.95,211,32460
2019-12-20,13.03,12.82,12.72,12.92,380,168213
2019-12-23,12.95,12.92,12.74,12.82,303,44714
2019-12-24,13.21,13.15,13.05,13.05,362,39636
2019-12-26,13.36,13.18,13.07,13.07,350,38214
2019-12-27,13.46,13.37,13.16,13.26,338,54864
2019-12-30,13.42,13.31,13.22,13.38,397,54448
2019-12-31,13.45,13.25,13.2,13.31,285,34837
2020-01-02,13.32,13.13,12.98,13.32,364,25387
2020-01-03,13.14,13.08,12.88,12.95,287,31879
2020-01-06,13.17,13.11,12.92,13.09,386,41643
2020-01-07,13.06,12.95,12.83,13.06,227,36617
2020-01-08,12.97,12.78,12.78,12.97,361,38440
2020-01-09,12.91,12.69,12.66,12.91,201,32522
2020-01-10,12.79,12.67,12.61,12.79,339,57216
2020-01-13,12.86,12.78,12.59,12.7,352,37654
2020-01-14,12.96,12.91,12.71,12.75,387,44100
2020-01-15,13.0,12.9,12.82,12.84,382,42531
2020-01-16,13.04,12.96,12.84,12.97,275,36615
2020-01-17,13.03,12.99,12.87,13.03,210,39039
2020-01-21,12.92,12.73,12.72,12.92,526,76360
2020-01-22,12.83,12.8,12.68,12.79,496,66709
2020-01-23,13.0,12.98,12.65,12.7,492,70497
2020-01-24,12.97,12.74,12.71,12.93,452,60683
2020-01-27,12.68,12.57,12.46,12.62,378,56499
2020-01-28,12.67,12.21,12.17,12.63,346,40933
2020-01-29,12.255,12.18,12.07,12.21,336,36099
2020-01-30,12.23,12.22,12.0,12.1,379,42465
2020-01-31,12.18,12.06,11.81,12.14,539,78016
2020-02-03,12.3,12.07,12.02,12.13,373,58573
2020-02-04,12.25,12.15,12.02,12.17,362,47426
2020-02-05,12.53,12.5,12.25,12.25,430,60529
2020-02-06,12.52,12.39,12.34,12.52,182,29594
2020-02-07,12.43,12.39,12.255,12.35,301,39185
2020-02-10,12.57,12.56,12.32,12.39,309,30780
2020-02-11,12.75,12.7,12.63,12.64,242,34222
2020-02-12,12.8,12.6,12.59,12.8,282,26766
2020-02-13,12.62,12.62,12.48,12.52,231,20060
2020-02-14,12.73,12.73,12.59,12.65,290,35084
2020-02-18,12.79,12.45,12.4,12.71,220,25720
2020-02-19,12.5,12.19,12.19,12.5,166,27855
2020-02-20,12.29,12.21,12.09,12.17,264,29323
2020-02-21,12.47,12.33,12.23,12.23,332,42645
2020-02-24,12.22,12.09,12.02,12.09,196,28371
2020-02-25,12.11,11.75,11.68,12.08,274,32730
2020-02-26,11.91,11.87,11.66,11.82,309,29968
2020-02-27,11.8,11.38,11.34,11.68,251,59201
2020-02-28,11.95,11.16,10.91,11.79,644,99155
2020-03-02,11.85,11.85,11.1,11.11,653,64913
2020-03-03,11.97,11.74,11.56,11.84,502,47853
2020-03-04,12.235,12.21,11.74,11.9,635,44451
2020-03-05,12.35,12.14,11.82,11.94,656,92367
2020-03-06,12.31,12.27,11.905,11.92,541,69490
2020-03-09,11.9,10.77,10.76,11.65,502,74209
2020-03-10,11.05,10.86,10.41,11.0,461,48559
2020-03-11,10.61,10.4,10.17,10.55,598,85466
2020-03-12,10.2,9.42,7.5,9.84,667,112836
2020-03-13,10.43,10.43,9.7,9.94,663,77357
2020-03-16,10.325,9.53,9.43,9.76,505,82735
2020-03-17,10.86,10.86,9.52,9.85,582,83219
2020-03-18,10.23,9.8,9.37,10.17,669,101779
2020-03-19,10.19,9.82,9.47,9.47,747,123255
2020-03-20,10.06,9.5,9.29,9.72,821,177140
2020-03-23,9.93,9.88,8.965,9.49,739,57436
2020-03-24,10.7,10.41,9.97,10.17,436,71641
2020-03-25,10.46,9.75,9.69,10.42,763,92852
2020-03-26,10.38,10.26,9.74,9.74,810,130300
2020-03-27,10.43,10.07,9.79,9.86,829,107179
2020-03-30,10.88,10.83,9.94,10.1,787,89723
2020-03-31,10.78,10.71,10.4,10.58,892,122550
2020-04-01,10.66,10.59,10.17,10.17,688,92510
2020-04-02,10.66,10.43,10.02,10.43,651,60869
2020-04-03,10.4,10.4,9.94,10.38,485,55799
2020-04-06,10.99,10.48,10.36,10.93,807,127794
2020-04-07,10.72,10.61,10.45,10.72,585,64414
2020-04-08,10.88,10.75,10.55,10.78,739,92157
2020-04-09,11.37,11.3,10.85,10.9,936,111698
2020-04-13,11.55,11.3,10.86,11.18,416,51288
2020-04-14,11.45,10.98,10.85,11.41,459,66398
2020-04-15,10.64,10.46,10.33,10.6,512,65610
2020-04-16,10.585,10.57,10.08,10.35,615,73234
2020-04-17,11.27,11.15,10.78,10.78,360,54635
2020-04-20,10.95,10.68,10.5,10.83,264,40337
2020-04-21,10.61,10.46,10.35,10.37,229,26014
2020-04-22,10.7,10.56,10.39,10.68,294,34628
2020-04-23,11.02,10.74,10.53,10.53,381,39402
2020-04-24,10.75,10.6,10.41,10.75,221,36792
2020-04-27,11.03,10.85,10.58,10.58,311,57689
2020-04-28,11.21,11.05,10.97,11.14,608,59976
2020-04-29,11.99,11.71,11.35,11.39,444,56930
2020-04-30,11.48,11.34,11.23,11.44,400,53183
2020-05-01,11.16,10.86,10.67,11.12,271,58355
2020-05-04,11.01,10.94,10.66,10.69,251,49925
2020-05-05,11.97,11.23,11.1,11.64,439,69275
2020-05-06,11.45,11.38,11.0,11.2,483,56914
2020-05-07,11.98,11.84,11.53,11.59,401,48384
2020-05-08,12.18,12.05,11.81,11.95,295,38660
2020-05-11,12.04,11.65,11.55,11.93,395,67535
2020-05-12,11.64,11.23,11.2,11.64,402,74120
2020-05-13,11.38,11.31,11.04,11.04,479,75142
2020-05-14,11.25,11.15,10.84,11.25,476,61871
2020-05-15,11.42,11.42,10.97,11.13,388,70337
2020-05-18,12.02,11.89,11.72,11.75,632,68408
2020-05-19,11.91,11.46,11.44,11.73,408,51130
2020-05-20,11.94,11.71,11.54,11.54,499,51080
2020-05-21,12.17,11.93,11.73,11.75,338,39236
2020-05-22,12.05,11.87,11.77,12.05,400,54852
2020-05-26,12.45,12.38,12.19,12.29,449,56599
2020-05-27,12.89,12.66,12.34,12.34,422,66929
2020-05-28,12.9,12.57,12.535,12.84,367,64198
2020-05-29,12.63,12.54,11.9,12.36,310,45926
2020-06-01,12.54,12.32,12.31,12.54,357,53116
2020-06-02,12.59,12.48,12.27,12.27,216,30770
2020-06-03,12.98,12.94,12.72,12.72,269,44922
2020-06-04,12.88,12.85,12.69,12.78,268,46878
2020-06-05,13.43,13.19,12.99,12.99,468,67887
2020-06-08,13.68,13.5,13.32,13.33,305,47937
2020-06-09,13.57,13.44,13.14,13.26,351,39595
2020-06-10,13.36,12.72,12.6,13.36,294,46883
2020-06-11,12.51,11.96,11.79,12.2,521,83651
2020-06-12,12.36,12.19,12.04,12.36,655,82249
2020-06-15,12.19,12.14,11.75,11.83,861,98627
2020-06-16,12.76,12.49,12.2,12.22,503,83296
2020-06-17,12.44,12.2,12.13,12.41,326,63336
2020-06-18,12.4,12.25,12.05,12.05,368,73487
2020-06-19,12.42,12.25,11.92,12.42,398,166348
2020-06-22,12.48,12.39,12.05,12.2,295,40014
2020-06-23,12.7,12.57,12.49,12.6,251,41220
2020-06-24,12.42,12.22,11.94,12.42,339,67229
2020-06-25,12.34,12.3,12.02,12.13,320,77367
2020-06-26,12.34,12.34,11.84,12.11,537,194515
2020-06-29,12.89,12.56,12.45,12.49,348,52315
2020-06-30,13.09,13.09,12.48,12.48,539,93312
2020-07-01,13.44,12.73,12.72,13.15,524,62751
2020-07-02,12.97,12.73,12.57,12.97,430,52152
2020-07-06,12.96,12.75,12.63,12.96,364,45525
2020-07-07,12.8,12.49,12.47,12.6,247,50522
2020-07-08,12.61,12.46,12.21,12.61,252,55078
2020-07-09,12.52,12.3,12.18,12.43,248,47131
2020-07-10,12.82,12.82,12.36,12.36,284,37137
2020-07-13,12.93,12.68,12.57,12.93,293,35178
2020-07-14,12.82,12.73,12.61,12.67,327,43346
2020-07-15,13.0,12.43,12.39,13.0,411,61403
2020-07-16,12.48,12.21,12.01,12.34,288,48496
2020-07-17,12.55,12.45,12.11,12.21,456,68939
2020-07-20,12.36,12.22,12.11,12.36,367,39632
2020-07-21,12.58,12.44,12.27,12.39,344,63130
2020-07-22,12.41,12.33,12.14,12.27,301,53276
2020-07-23,12.23,11.92,11.84,12.23,312,53950
2020-07-24,12.16,12.06,11.92,11.92,273,54845
2020-07-27,12.19,12.08,11.98,12.05,243,37804
2020-07-28,12.26,12.07,11.96,12.02,324,38638
2020-07-29,12.16,12.12,12.03,12.09,241,52966
2020-07-30,12.1,12.1,11.85,11.9,254,29833
2020-07-31,12.07,11.87,11.71,12.0,312,47399
2020-08-03,12.22,12.1,11.765,11.87,257,45178
2020-08-04,13.19,12.72,12.16,12.29,534,70549
2020-08-05,12.86,12.84,12.62,12.82,355,53766
2020-08-06,13.46,13.3,12.79,12.8,337,41415
2020-08-07,13.57,13.56,13.015,13.17,219,32979
2020-08-10,13.92,13.7,13.57,13.57,173,24429
2020-08-11,14.0,13.61,13.52,13.91,238,37536
2020-08-12,13.85,13.61,13.54,13.82,238,30715
2020-08-13,13.61,13.39,13.315,13.49,249,35322
2020-08-14,13.3,13.26,13.19,13.26,157,28781
2020-08-17,13.29,12.99,12.99,13.29,158,31931
2020-08-18,13.12,12.98,12.93,12.96,309,41914
2020-08-19,13.16,13.05,12.96,13.0,245,37165
2020-08-20,13.02,12.88,12.82,12.9,186,30896
2020-08-21,13.02,12.95,12.73,12.78,296,114384
2020-08-24,13.1,13.01,12.94,13.1,298,32788
2020-08-25,13.19,13.1,13.06,13.09,172,32527
2020-08-26,13.1,13.0,12.99,13.05,201,26260
2020-08-27,13.22,13.03,13.03,13.09,167,31971
2020-08-28,13.23,13.2,12.97,13.16,230,32750
2020-08-31,13.13,13.05,12.91,13.11,253,53118
2020-09-01,13.1,13.06,12.94,12.94,174,22260
2020-09-02,13.1,13.06,12.94,13.02,259,19606
2020-09-03,13.19,12.94,12.84,13.08,233,33678
2020-09-04,13.18,12.8,12.74,13.09,232,25477
2020-09-08,12.79,12.38,12.28,12.79,401,37993
2020-09-09,12.67,12.47,12.455,12.48,263,35142
2020-09-10,12.53,12.33,12.32,12.43,350,42999
2020-09-11,12.47,12.25,12.2,12.39,169,20383
2020-09-14,12.53,12.42,12.18,12.29,234,32322
2020-09-15,12.5,12.07,12.06,12.5,145,16625
2020-09-16,12.06,11.77,11.77,12.06,184,31951
2020-09-17,11.93,11.74,11.54,11.66,202,22197
2020-09-18,11.73,11.56,11.33,11.73,419,184928
2020-09-21,11.39,10.83,10.66,11.36,318,42206
2020-09-22,10.98,10.7,10.52,10.84,202,31001
2020-09-23,10.7,10.05,10.02,10.62,278,48093
2020-09-24,10.71,10.43,10.06,10.12,302,33012
2020-09-25,10.43,10.27,10.24,10.33,208,19412
2020-09-28,10.67,10.43,10.32,10.32,284,38239
2020-09-29,10.37,10.21,10.02,10.37,166,27270
2020-09-30,10.26,10.12,9.93,10.19,384,38813
2020-10-01,10.15,10.08,9.95,10.12,241,32143
2020-10-02,10.33,10.23,9.99,10.03,168,26115
2020-10-05,10.72,10.66,10.26,10.26,259,32613
2020-10-06,10.92,10.55,10.53,10.75,334,30127
2020-10-07,10.64,10.28,10.23,10.64,258,35987
2020-10-08,10.39,10.26,10.13,10.39,210,29186
2020-10-09,10.53,10.5,10.16,10.38,190,31088
2020-10-12,10.67,10.66,10.4,10.44,330,40729
2020-10-13,10.59,10.43,10.25,10.57,186,17282
2020-10-14,10.68,10.6,10.44,10.47,219,21850
2020-10-15,10.87,10.74,10.43,10.45,206,21511
2020-10-16,10.74,10.73,10.42,10.61,250,35410
2020-10-19,10.79,10.55,10.55,10.78,299,36966
2020-10-20,10.74,10.7,10.65,10.68,199,21156
2020-10-21,11.06,10.99,10.75,10.75,161,16629
2020-10-22,11.11,10.95,10.94,10.95,148,28493
2020-10-23,11.22,11.11,10.91,10.99,154,18076
2020-10-26,11.03,10.9,10.81,11.03,151,13233
2020-10-27,10.86,10.6,10.6,10.86,145,16991
2020-10-28,10.4,9.91,9.88,10.4,595,58714
2020-10-29,9.895,9.66,9.54,9.82,176,23708
2020-10-30,9.65,9.44,9.4,9.65,240,36937
2020-11-02,9.8,9.78,9.47,9.56,308,23343
2020-11-03,10.1,9.73,9.42,10.03,375,55059
2020-11-04,9.71,9.28,9.16,9.54,285,39237
2020-11-05,9.47,9.39,9.28,9.35,292,30094
2020-11-06,9.43,9.06,8.975,9.43,228,34384
2020-11-09,9.94,9.44,9.43,9.56,386,53015
2020-11-10,10.16,10.03,9.55,9.55,369,53950
2020-11-11,10.15,9.97,9.78,10.15,212,28763
2020-11-12,9.92,9.89,9.76,9.84,229,31272
2020-11-13,10.36,10.26,9.99,9.99,188,22323
2020-11-16,10.76,10.76,10.26,10.26,354,57902
2020-11-17,10.84,10.67,10.43,10.62,198,33674
2020-11-18,10.84,10.66,10.64,10.7,163,21437
2020-11-19,10.63,10.57,10.41,10.58,171,26686
2020-11-20,10.62,10.62,10.46,10.46,242,36151
2020-11-23,10.71,10.67,10.5,10.57,232,23169
2020-11-24,11.05,10.93,10.75,10.75,146,31103
2020-11-25,10.9,10.74,10.62,10.9,149,20806
2020-11-27,10.77,10.53,10.48,10.77,125,13911
2020-11-30,10.5,10.34,10.26,10.5,332,75709
2020-12-01,10.53,10.24,10.16,10.52,388,57974
2020-12-02,10.38,10.29,10.21,10.22,312,39922
2020-12-03,10.34,10.27,10.16,10.34,231,27567
2020-12-04,10.75,10.75,10.29,10.29,119,19813
2020-12-07,10.77,10.37,10.35,10.77,232,39439
2020-12-08,10.4,10.39,10.065,10.27,348,53530
2020-12-09,10.6,10.47,10.38,10.5,143,32279
2020-12-10,10.4,10.21,10.14,10.4,184,34046
2020-12-11,10.09,9.68,9.65,10.0,381,49720
2020-12-14,9.76,9.53,9.53,9.76,216,42124
2020-12-15,9.96,9.88,9.475,9.57,189,41186
2020-12-16,10.06,9.75,9.72,9.92,406,103684
2020-12-17,10.22,9.98,9.75,9.8,399,81517
2020-12-18,10.15,9.98,9.94,10.1,363,226856
2020-12-21,9.93,9.65,9.65,9.86,285,74871
2020-12-22,10.71,10.36,10.33,10.71,374,99197
2020-12-23,10.59,10.36,10.12,10.49,249,42284
2020-12-24,10.38,10.12,10.12,10.38,158,32086
2020-12-28,10.61,10.36,10.25,10.25,315,43575
2020-12-29,10.41,10.38,10.14,10.36,370,58247
2020-12-30,10.5,10.41,10.28,10.28,275,42645
2020-12-31,10.46,10.13,10.13,10.46,324,72332
2021-01-04,10.47,10.43,10.21,10.29,322,59378
2021-01-05,10.45,10.41,10.25,10.43,227,58753
2021-01-06,11.11,10.79,10.63,10.63,469,60406
2021-01-07,11.48,10.94,10.5,10.83,364,69860
2021-01-08,10.92,10.54,10.47,10.92,495,84171
2021-01-11,10.58,10.35,10.25,10.41,234,38031
2021-01-12,10.41,10.39,10.35,10.37,106,18541
2021-01-13,10.39,10.24,10.16,10.39,131,19703
2021-01-14,10.51,10.41,10.17,10.29,273,35575
2021-01-15,10.5,10.36,10.25,10.25,216,39586
2021-01-19,10.54,10.14,10.13,10.54,276,53667
2021-01-20,10.16,10.11,9.9,10.16,246,40992
2021-01-21,10.26,10.17,10.12,10.21,280,58360
2021-01-22,10.28,10.26,10.03,10.03,207,59404
2021-01-25,10.32,10.28,9.99,10.24,228,32132
2021-01-26,10.31,9.91,9.86,10.31,200,23105
2021-01-27,9.8,9.67,9.51,9.8,321,61653
2021-01-28,9.7,9.58,9.51,9.7,276,53684
2021-01-29,9.5,9.32,9.28,9.5,280,66170
2021-02-01,9.35,9.19,9.09,9.35,333,60913
2021-02-02,9.42,9.39,9.11,9.32,189,42636
2021-02-03,9.4,9.3,9.23,9.34,278,66116
2021-02-04,9.35,9.26,9.22,9.32,298,67706
2021-02-05,9.41,9.31,9.12,9.32,341,61527
2021-02-08,9.83,9.63,9.27,9.27,309,71240
2021-02-09,9.72,9.64,9.43,9.72,243,46302
2021-02-10,9.7,9.6,9.41,9.7,363,56931
2021-02-11,9.65,9.62,9.41,9.54,474,80368
2021-02-12,9.6,9.52,9.34,9.58,415,65606
2021-02-16,9.83,9.72,9.45,9.61,330,73841
2021-02-17,10.13,9.84,9.65,9.75,354,65405
2021-02-18,9.86,9.7,9.56,9.82,201,57833
2021-02-19,10.07,9.82,9.61,9.7,306,51303
2021-02-22,10.24,10.19,9.69,9.8,320,59075
2021-02-23,10.4,10.16,10.09,10.2,272,43667
2021-02-24,10.4,10.38,10.14,10.2,270,55252
2021-02-25,10.39,9.93,9.92,10.39,209,42012
2021-02-26,9.93,9.71,9.69,9.92,206,77225
2021-03-01,10.4,10.28,9.85,9.87,345,58155
2021-03-02,10.34,10.19,10.08,10.21,197,53695
2021-03-03,10.49,10.3,10.12,10.12,223,38906
2021-03-04,10.84,10.36,10.34,10.5,515,73549
2021-03-05,10.84,10.75,10.4,10.5,488,70810
2021-03-08,11.29,11.25,10.77,10.77,337,62219
2021-03-09,11.34,11.3,10.97,11.2,378,55897
2021-03-10,11.31,11.28,11.11,11.29,316,43390
2021-03-11,11.63,11.57,11.16,11.19,551,70246
2021-03-12,11.77,11.57,11.32,11.62,328,61265
2021-03-15,11.87,11.87,11.41,11.53,325,49730
2021-03-16,11.87,11.7,11.61,11.85,428,52413
2021-03-17,11.78,11.7,11.53,11.73,228,37596
2021-03-18,12.13,11.93,11.69,11.69,388,50896
2021-03-19,12.2,11.99,11.8,11.86,328,173193
2021-03-22,11.99,11.66,11.61,11.96,333,52905
2021-03-23,11.66,11.14,11.11,11.51,272,60667
2021-03-24,11.51,11.1,11.1,11.31,462,83700
2021-03-25,11.48,11.35,11.09,11.09,614,77763
2021-03-26,11.62,11.54,11.37,11.47,206,33333
2021-03-29,11.78,11.38,11.38,11.45,329,49653
2021-03-30,11.525,11.29,11.26,11.39,170,35191
2021-03-31,11.29,11.08,11.02,11.29,361,75157
2021-04-01,11.18,11.17,10.92,11.0,210,41077
2021-04-05,11.25,11.05,10.99,11.24,230,37200
2021-04-06,11.1,10.94,10.85,11.01,289,36545
2021-04-07,10.96,10.84,10.74,10.96,287,45414
2021-04-08,10.925,10.8,10.69,10.86,275,37261
2021-04-09,10.86,10.73,10.7,10.81,162,22306
2021-04-12,10.79,10.68,10.63,10.76,228,28767
2021-04-13,10.78,10.71,10.56,10.62,130,25403
2021-04-14,10.88,10.77,10.67,10.67,103,12086
2021-04-15,10.92,10.88,10.74,10.86,200,21668
2021-04-16,11.03,10.89,10.7,11.03,104,18084
2021-04-19,10.85,10.72,10.63,10.85,195,27178
2021-04-20,10.78,10.31,10.29,10.78,245,30646
2021-04-21,10.64,10.59,10.32,10.33,147,25232
2021-04-22,10.59,10.24,10.22,10.59,195,34585
2021-04-23,10.4,10.21,10.16,10.27,330,49801
2021-04-26,10.23,9.73,9.72,10.22,320,49097
2021-04-27,9.72,9.54,9.53,9.71,154,24879
2021-04-28,9.56,9.53,9.29,9.55,265,45376
2021-04-29,9.63,9.31,9.29,9.58,328,29419
2021-04-30,9.35,9.11,8.93,9.35,597,81003
2021-05-03,9.47,9.3,9.14,9.21,428,58301
2021-05-04,9.29,9.07,9.02,9.25,526,53123
2021-05-05,9.02,8.87,8.64,9.02,338,54207
2021-05-06,8.83,8.67,8.61,8.79,464,63723
2021-05-07,9.41,9.4,8.68,8.69,536,66252
2021-05-10,9.39,9.1,9.07,9.27,291,45676
2021-05-11,9.01,8.65,8.55,9.01,469,59834
2021-05-12,8.78,8.51,8.4,8.63,332,44491
2021-05-13,8.59,8.31,8.28,8.45,323,39201
2021-05-14,8.63,8.61,8.35,8.35,323,59006
2021-05-17,8.89,8.63,8.59,8.66,276,43632
2021-05-18,8.64,8.44,8.39,8.6,380,34521
2021-05-19,8.66,8.62,8.21,8.43,319,40316
2021-05-20,8.66,8.52,8.38,8.59,178,41230
2021-05-21,8.6,8.5,8.41,8.6,214,36121
2021-05-24,8.55,8.51,8.34,8.52,241,42080
2021-05-25,8.51,8.19,8.19,8.51,381,55237
2021-05-26,8.33,8.28,8.12,8.21,327,41408
2021-05-27,8.455,8.29,8.26,8.37,179,161420
2021-05-28,8.4,8.33,8.22,8.4,132,28815
2021-06-01,8.52,8.51,8.27,8.33,273,43739
2021-06-02,8.6,8.39,8.33,8.6,208,25811
2021-06-03,8.52,8.45,8.35,8.35,166,40174
2021-06-04,8.48,8.35,8.33,8.48,166,38459
2021-06-07,8.57,8.48,8.32,8.42,359,46753
2021-06-08,8.65,8.61,8.43,8.44,148,22235
2021-06-09,8.83,8.74,8.63,8.63,201,37698
2021-06-10,8.87,8.8,8.71,8.73,158,36291
2021-06-11,8.9,8.75,8.69,8.87,346,43552
2021-06-14,8.9,8.9,8.7,8.7,216,26418
2021-06-15,9.0,8.97,8.8,9.0,266,53964
2021-06-16,9.19,9.14,8.9,8.97,378,64219
2021-06-17,9.13,8.78,8.78,9.13,273,51098
2021-06-18,8.77,8.42,8.41,8.68,309,113853
2021-06-21,8.56,8.49,8.4,8.4,206,84513
2021-06-22,8.5,8.37,8.36,8.5,128,45046
2021-06-23,8.43,8.32,8.26,8.37,181,45789
2021-06-24,8.4,8.34,8.31,8.4,180,40196
2021-06-25,8.54,8.5,8.31,8.37,234,175119
2021-06-28,8.65,8.56,8.41,8.45,298,46664
2021-06-29,8.81,8.7,8.56,8.6,442,49497
2021-06-30,8.73,8.58,8.52,8.72,170,32526
2021-07-01,8.81,8.73,8.61,8.67,167,33808
2021-07-02,8.72,8.57,8.5,8.72,184,35847
2021-07-06,8.64,8.56,8.5,8.63,164,29409
2021-07-07,8.65,8.58,8.47,8.52,289,54516
2021-07-08,8.52,8.43,8.39,8.49,209,43494
2021-07-09,8.54,8.42,8.4,8.54,195,29513
2021-07-12,8.63,8.54,8.415,8.43,148,26039
2021-07-13,8.54,8.43,8.39,8.49,175,25957
2021-07-14,8.48,8.38,8.35,8.4,258,39643
2021-07-15,8.35,8.23,8.17,8.33,155,33483
2021-07-16,8.34,8.26,8.15,8.3,225,29203
2021-07-19,8.13,7.92,7.87,8.13,242,45338
2021-07-20,8.17,8.06,7.91,7.91,281,53149
2021-07-21,8.31,8.14,8.09,8.09,289,42968
2021-07-22,8.12,7.68,7.68,8.12,644,80101
2021-07-23,7.71,7.46,7.35,7.69,310,43763
2021-07-26,7.6,7.48,7.34,7.49,228,41259
2021-07-27,7.41,7.37,7.31,7.4,167,38613
2021-07-28,7.4,7.32,7.25,7.33,219,29802
2021-07-29,7.42,7.23,7.18,7.39,187,40451
2021-07-30,7.34,7.34,7.16,7.16,112,29543
2021-08-02,7.48,7.16,7.16,7.34,374,62040
2021-08-03,7.21,7.07,7.05,7.18,242,65108
2021-08-04,7.2,7.0,6.95,7.01,243,51498
2021-08-05,7.08,6.98,6.95,7.04,191,64041
2021-08-06,7.27,7.24,7.0,7.1,299,53383
2021-08-09,7.52,7.31,7.19,7.28,309,41113
2021-08-10,7.52,7.48,7.29,7.31,165,24374
2021-08-11,7.5,7.49,7.41,7.47,135,21935
2021-08-12,7.5,7.18,7.12,7.5,237,48216
2021-08-13,7.24,7.11,7.08,7.16,173,30899
2021-08-16,7.05,6.76,6.75,7.05,590,74657
2021-08-17,6.89,6.85,6.59,6.74,202,50786
2021-08-18,6.82,6.74,6.65,6.81,289,34669
2021-08-19,6.71,6.42,6.41,6.67,298,56589
2021-08-20,6.78,6.67,6.39,6.39,268,114168
2021-08-23,6.76,6.72,6.69,6.7,216,34518
2021-08-24,6.745,6.65,6.62,6.67,245,39245
2021-08-25,6.67,6.6,6.56,6.66,253,43539
2021-08-26,6.615,6.51,6.46,6.59,222,32883
2021-08-27,6.83,6.78,6.45,6.45,196,43305
2021-08-30,6.86,6.84,6.65,6.76,142,35405
2021-08-31,7.06,7.0,6.8,6.8,295,54500
2021-09-01,7.07,6.79,6.78,7.07,213,28904
2021-09-02,6.82,6.82,6.7,6.79,167,33380
2021-09-03,6.79,6.67,6.62,6.79,124,20578
2021-09-07,6.7,6.63,6.61,6.67,75,30074
2021-09-08,6.82,6.81,6.57,6.6,246,31993
2021-09-09,6.78,6.69,6.57,6.76,322,56929
2021-09-10,6.78,6.53,6.49,6.78,214,25708
2021-09-13,6.61,6.45,6.42,6.61,275,32763
2021-09-14,6.39,6.28,6.21,6.39,204,38196
2021-09-15,6.25,6.06,6.0,6.24,193,40197
2021-09-16,6.06,5.54,5.48,6.06,506,98944
2021-09-17,6.32,6.25,5.6,5.6,427,121888
2021-09-20,6.38,6.37,6.04,6.24,437,73286
2021-09-21,6.61,6.55,6.39,6.44,270,51423
2021-09-22,7.11,7.03,6.61,6.61,307,56006
2021-09-23,7.23,7.01,6.98,7.1,404,58544
2021-09-24,7.125,7.08,6.99,7.04,325,50456
2021-09-27,7.21,7.06,7.03,7.12,149,32470
2021-09-28,7.1,6.78,6.58,7.08,423,84117
2021-09-29,6.84,6.77,6.74,6.79,144,21151
2021-09-30,6.94,6.81,6.75,6.85,195,51691
2021-10-01,6.83,6.7,6.63,6.83,303,45926
2021-10-04,6.86,6.78,6.62,6.69,198,45794
2021-10-05,7.0,6.94,6.7,6.75,233,60839
2021-10-06,7.06,7.06,6.79,6.93,164,32268
2021-10-07,7.3,7.27,7.15,7.17,161,33045
2021-10-08,7.325,7.26,7.16,7.16,132,32337
2021-10-11,7.29,6.99,6.98,7.25,170,26000
2021-10-12,7.0,6.86,6.82,6.98,185,41699
2021-10-13,6.94,6.88,6.71,6.88,152,41171
2021-10-14,6.99,6.85,6.81,6.92,119,17242
2021-10-15,6.99,6.89,6.85,6.97,328,62403
2021-10-18,6.95,6.8,6.75,6.95,265,46597
2021-10-19,6.91,6.9,6.77,6.88,167,19780
2021-10-20,7.01,6.99,6.89,6.9,173,18269
2021-10-21,7.32,7.25,6.94,6.94,478,70631
2021-10-22,7.22,6.77,6.725,7.21,507,99353
2021-10-25,6.9,6.83,6.62,6.73,215,31564
2021-10-26,6.82,6.62,6.61,6.82,291,33573
2021-10-27,6.58,6.37,6.33,6.58,419,58142
2021-10-28,6.58,6.53,6.36,6.36,206,31595
2021-10-29,6.64,6.54,6.5,6.54,184,30729
2021-11-01,6.8,6.77,6.57,6.57,220,56776
2021-11-02,6.76,6.75,6.62,6.74,261,32414
2021-11-03,7.18,7.11,6.79,6.79,256,39785
2021-11-04,7.18,6.81,6.81,7.18,358,22345
2021-11-05,6.97,6.85,6.5,6.5,239,44624
2021-11-08,6.93,6.78,6.77,6.86,283,30964
2021-11-09,6.77,6.65,6.61,6.7,318,49449
2021-11-10,6.74,6.63,6.62,6.69,250,35356
2021-11-11,6.64,6.61,6.55,6.6,205,27063
2021-11-12,6.69,6.6,6.55,6.59,352,63805
2021-11-15,6.67,6.65,6.58,6.64,511,60410
2021-11-16,6.64,6.58,6.56,6.6,280,44264
2021-11-17,6.64,6.59,6.51,6.6,160,29272
2021-11-18,6.62,6.42,6.41,6.62,253,50155
2021-11-19,6.58,6.51,6.33,6.33,268,35182
2021-11-22,6.86,6.71,6.49,6.49,244,32866
2021-11-23,7.15,7.09,6.7,6.7,343,58337
2021-11-24,7.32,7.21,7.08,7.08,353,42817
2021-11-26,7.1,7.03,6.75,7.0,360,60412
2021-11-29,7.36,7.19,7.1,7.19,338,50884
2021-11-30,7.12,6.66,6.63,7.12,698,493268
2021-12-01,6.985,6.74,6.705,6.84,373,76733
2021-12-02,7.14,7.02,6.78,6.78,368,58469
2021-12-03,7.04,6.71,6.71,7.03,567,103247
2021-12-06,6.98,6.78,6.72,6.83,452,52435
2021-12-07,6.8,6.67,6.65,6.8,290,60662
2021-12-08,6.68,6.54,6.54,6.66,512,52895
2021-12-09,6.52,6.37,6.37,6.52,299,49000
2021-12-10,6.4,6.22,6.2,6.34,259,44741
2021-12-13,6.22,5.96,5.95,6.22,323,68858
2021-12-14,6.03,5.79,5.78,5.92,378,101193
2021-12-15,6.08,5.93,5.725,5.84,494,85604
2021-12-16,6.26,5.99,5.97,5.99,534,82899
2021-12-17,5.99,5.86,5.82,5.97,457,139562
2021-12-20,5.79,5.61,5.61,5.79,374,85956
2021-12-21,5.81,5.78,5.62,5.62,575,90407
2021-12-22,5.84,5.68,5.66,5.72,360,58073
2021-12-23,6.05,5.91,5.71,5.71,404,62289
2021-12-27,5.93,5.89,5.76,5.9,400,56058
2021-12-28,6.3,6.21,5.83,5.89,795,123588
2021-12-29,6.28,6.08,6.05,6.25,210,37131
2021-12-30,6.11,6.02,6.02,6.08,247,41498
2021-12-31,6.03,5.88,5.88,6.01,251,43316
2022-01-03,6.11,5.89,5.8,5.8,235,60844
2022-01-04,6.825,6.53,6.09,6.16,648,100803
2022-01-05,6.57,6.43,6.43,6.53,339,46524
2022-01-06,6.59,6.48,6.33,6.42,322,69387
2022-01-07,6.58,6.55,6.47,6.47,160,26433
2022-01-10,6.59,6.46,6.35,6.59,334,67776
2022-01-11,6.5,6.34,6.29,6.5,225,25590
2022-01-12,6.42,6.41,6.23,6.33,207,54530
2022-01-13,6.44,6.25,6.22,6.41,267,35643
2022-01-14,6.27,6.25,6.2,6.22,180,28211
2022-01-18,6.24,6.15,6.02,6.23,294,41561
2022-01-19,6.17,6.12,6.07,6.16,222,38816
2022-01-20,6.3,6.18,6.09,6.15,311,44000
2022-01-21,6.25,6.17,6.115,6.13,318,47122
2022-01-24,6.19,6.14,5.99,6.04,368,81227
2022-01-25,6.07,6.0,5.94,6.02,286,52577
2022-01-26,6.13,5.89,5.8,5.98,411,62009
2022-01-27,5.96,5.81,5.73,5.96,367,58672
2022-01-28,5.95,5.94,5.73,5.74,205,43989
2022-01-31,6.24,6.23,5.83,5.92,484,67798
2022-02-01,6.24,6.07,6.05,6.24,180,59001
2022-02-02,6.1,5.98,5.96,6.1,294,47184
2022-02-03,5.97,5.87,5.83,5.97,293,61837
2022-02-04,5.89,5.8,5.69,5.88,386,66782
2022-02-07,6.0,5.91,5.79,5.79,316,66103
2022-02-08,6.09,6.05,5.94,5.94,386,53632
2022-02-09,6.08,5.93,5.91,6.08,270,38498
2022-02-10,6.06,5.91,5.89,5.9,275,37743
2022-02-11,5.99,5.76,5.75,5.93,320,49811
2022-02-14,5.76,5.62,5.6,5.75,273,33065
2022-02-15,5.72,5.63,5.62,5.68,179,26606
2022-02-16,5.66,5.61,5.57,5.6,154,27276
2022-02-17,5.59,5.51,5.46,5.59,194,39108
2022-02-18,5.51,5.5,5.44,5.46,166,33375
2022-02-22,5.49,5.44,5.4,5.49,236,52065
2022-02-23,5.61,5.6,5.4,5.45,305,36748
2022-02-24,5.59,5.57,5.33,5.53,366,61114
2022-02-25,5.62,5.56,5.44,5.58,270,35896
2022-02-28,5.61,5.58,5.46,5.49,244,50681
2022-03-01,5.59,5.53,5.45,5.57,171,38088
2022-03-02,5.57,5.56,5.49,5.57,190,30203
2022-03-03,5.61,5.5,5.445,5.61,146,29531
2022-03-04,5.46,5.44,5.31,5.43,320,61238
2022-03-07,5.63,5.59,5.4,5.46,315,43014
2022-03-08,6.5,6.36,6.02,6.05,660,89564
2022-03-09,6.47,6.36,6.33,6.46,222,39185
2022-03-10,6.415,6.23,6.08,6.32,345,66828
2022-03-11,6.45,6.24,6.19,6.27,372,60051
2022-03-14,6.56,6.47,6.26,6.29,394,59630
2022-03-15,6.55,6.51,6.42,6.49,392,73813
2022-03-16,6.89,6.72,6.51,6.51,815,88527
2022-03-17,7.0,6.89,6.6,6.6,413,66372
2022-03-18,7.02,6.96,6.82,6.82,611,177431
2022-03-21,7.26,7.15,6.95,6.96,681,103629
2022-03-22,7.28,7.03,7.01,7.16,586,76262
2022-03-23,7.21,7.13,7.0,7.0,629,77758
2022-03-24,7.205,7.04,6.98,7.17,652,77228
2022-03-25,7.24,7.2,6.95,7.02,492,81588
2022-03-28,7.35,7.27,7.17,7.2,319,70261
2022-03-29,7.37,7.28,7.22,7.3,256,44480
2022-03-30,7.28,7.04,7.01,7.23,363,78885
2022-03-31,7.22,7.14,7.03,7.09,304,76277
2022-04-01,7.15,6.85,6.83,7.13,284,49443
2022-04-04,6.91,6.78,6.66,6.91,499,59978
2022-04-05,6.78,6.58,6.56,6.74,289,37076
2022-04-06,6.59,6.39,6.355,6.58,496,52980
2022-04-07,6.54,6.48,6.39,6.39,540,52020
2022-04-08,6.54,6.44,6.43,6.5,184,31207
2022-04-11,6.51,6.5,6.37,6.45,213,46165
2022-04-12,6.6,6.38,6.34,6.55,317,38108
2022-04-13,6.43,6.17,6.17,6.39,337,85061
2022-04-14,6.29,6.21,6.17,6.23,250,45084
2022-04-18,6.22,6.13,6.08,6.22,300,34467
2022-04-19,6.2,6.08,6.05,6.1,254,47646
2022-04-20,6.14,6.11,6.05,6.09,234,36207
2022-04-21,6.22,6.08,6.07,6.19,265,37993
2022-04-22,6.09,5.95,5.94,6.07,288,43447
2022-04-25,5.97,5.95,5.7,5.88,453,66984
2022-04-26,5.945,5.73,5.72,5.91,273,32885
2022-04-27,5.76,5.6,5.57,5.74,310,33124
2022-04-28,5.25,4.59,4.565,5.25,598,101701
2022-04-29,4.54,4.26,4.25,4.53,372,64465
2022-05-02,4.27,4.02,3.9,4.26,394,92752
2022-05-03,4.01,3.93,3.85,4.01,604,107444
2022-05-04,4.11,4.11,3.81,3.92,680,127377
2022-05-05,4.11,3.96,3.91,4.11,587,90473
2022-05-06,3.93,3.72,3.55,3.83,652,134027
2022-05-09,3.67,3.32,3.26,3.64,620,175877
2022-05-10,3.32,3.2,3.11,3.31,455,88094
2022-05-11,3.245,3.09,3.06,3.16,499,80833
2022-05-12,3.15,3.11,3.02,3.06,476,72133
2022-05-13,3.25,3.02,3.01,3.24,830,89116
2022-05-16,3.19,3.19,2.855,3.0,576,91144
2022-05-17,3.45,3.44,3.22,3.24,482,83482
2022-05-18,3.42,3.34,3.31,3.39,393,68589
2022-05-19,3.39,3.26,3.19,3.39,364,72525
2022-05-20,3.3,3.18,3.09,3.3,317,59394
2022-05-23,3.35,3.25,3.19,3.2,250,36536
2022-05-24,3.41,3.41,3.13,3.25,394,62502
2022-05-25,3.54,3.47,3.39,3.39,255,42214
2022-05-26,3.54,3.48,3.455,3.52,187,31285
2022-05-27,3.6,3.57,3.5,3.54,132,32000
2022-05-31,3.75,3.66,3.5,3.57,423,58746
2022-06-01,3.66,3.45,3.42,3.66,278,37750
2022-06-02,3.51,3.5,3.31,3.44,233,49586
2022-06-03,3.66,3.65,3.42,3.48,468,82039
2022-06-06,3.81,3.81,3.67,3.67,495,74654
2022-06-07,4.05,4.0,3.74,3.79,561,91093
2022-06-08,3.97,3.86,3.81,3.97,389,79088
2022-06-09,4.05,3.94,3.74,3.86,665,90227
2022-06-10,3.92,3.61,3.57,3.91,426,79852
2022-06-13,3.66,3.55,3.4,3.49,508,62065
2022-06-14,3.54,3.39,3.33,3.52,491,53038
2022-06-15,3.52,3.44,3.35,3.5,463,110259
2022-06-16,3.36,3.22,3.095,3.36,282,101027
2022-06-17,3.27,3.17,3.09,3.26,189,119426
2022-06-21,3.22,3.21,3.07,3.22,764,149098
2022-06-22,3.24,3.24,3.12,3.18,482,108562
2022-06-23,3.28,3.22,3.06,3.26,541,73547
2022-06-24,3.25,3.01,2.9,3.1,534,2591827
2022-06-27,3.01,2.87,2.87,3.01,429,56150
2022-06-28,2.92,2.79,2.77,2.91,566,87151
2022-06-29,2.81,2.69,2.655,2.8,448,90569
2022-06-30,2.7,2.64,2.55,2.67,447,79207
2022-07-01,2.74,2.58,2.52,2.67,386,82149
2022-07-05,2.62,2.61,2.485,2.58,323,61316
2022-07-06,2.72,2.7,2.63,2.66,257,55159
2022-07-07,2.98,2.93,2.71,2.72,260,58615
2022-07-08,2.93,2.82,2.81,2.93,172,29656
2022-07-11,2.8,2.64,2.64,2.8,145,25692
2022-07-12,2.69,2.59,2.59,2.61,150,25302
2022-07-13,2.59,2.51,2.505,2.56,159,21455
2022-07-14,2.5,2.43,2.41,2.5,118,25671
2022-07-15,2.53,2.45,2.42,2.53,153,24232
2022-07-18,2.52,2.41,2.4,2.47,107,21507
2022-07-19,2.56,2.53,2.45,2.45,252,33855
2022-07-20,2.59,2.52,2.51,2.53,342,36765
2022-07-21,2.53,2.51,2.46,2.51,221,30493
2022-07-22,2.5,2.44,2.42,2.48,98,12148
2022-07-25,2.51,2.44,2.44,2.51,204,26849
2022-07-26,2.46,2.31,2.31,2.46,127,18228
2022-07-27,2.39,2.36,2.265,2.33,113,12690
2022-07-28,2.52,2.43,2.32,2.36,81,10476
2022-07-29,2.7,2.59,2.42,2.47,93,20981
2022-08-01,2.59,2.42,2.38,2.59,182,18220
2022-08-02,2.44,2.36,2.28,2.44,193,34137
2022-08-03,2.56,2.54,2.36,2.41,160,17690
2022-08-04,2.61,2.43,2.43,2.5,210,23074
2022-08-05,3.5,3.5,2.5,2.5,495,95201
2022-08-08,3.55,3.31,3.2,3.54,218,27502
2022-08-09,3.3,3.16,3.03,3.3,270,23764
2022-08-10,3.25,3.19,3.15,3.25,160,17186
2022-08-11,3.27,3.1,3.05,3.23,108,16218
2022-08-12,3.14,2.9,2.89,3.12,217,32298
2022-08-15,2.91,2.78,2.75,2.9,225,78599
2022-08-16,2.96,2.93,2.71,2.78,199,21770
2022-08-17,2.96,2.83,2.73,2.96,166,17847
2022-08-18,2.88,2.84,2.75,2.82,154,26392
2022-08-19,2.78,2.7,2.7,2.78,139,19474
2022-08-22,2.86,2.7,2.62,2.68,196,21035
2022-08-23,2.71,2.66,2.64,2.7,99,11947
2022-08-24,2.76,2.74,2.66,2.67,67,9042
2022-08-25,2.89,2.89,2.73,2.75,98,8990
2022-08-26,2.89,2.85,2.81,2.88,100,15463
2022-08-29,2.87,2.76,2.74,2.85,83,13566
2022-08-30,2.88,2.73,2.72,2.72,114,16346
2022-08-31,2.81,2.64,2.64,2.75,122,25073
2022-09-01,2.75,2.71,2.61,2.61,66,9759
2022-09-02,2.75,2.71,2.665,2.74,112,12000
2022-09-06,2.76,2.72,2.7,2.72,118,14927
2022-09-07,2.82,2.74,2.71,2.71,95,9724
2022-09-08,2.79,2.78,2.7,2.73,93,10969
2022-09-09,2.905,2.81,2.78,2.81,196,23426
2022-09-12,2.9,2.81,2.8,2.82,149,28539
2022-09-13,2.84,2.77,2.76,2.76,146,15716
2022-09-14,2.78,2.68,2.65,2.76,130,31732
2022-09-15,3.08,3.02,2.66,2.66,145,23377
2022-09-16,2.95,2.91,2.87,2.94,51,56777
2022-09-19,3.0,2.94,2.81,2.88,61,11950
2022-09-20,2.9,2.85,2.76,2.9,103,15127
2022-09-21,2.84,2.72,2.72,2.84,40,12119
2022-09-22,2.73,2.68,2.64,2.72,37,8426
2022-09-23,2.66,2.43,2.4,2.65,128,16762
2022-09-26,2.4,2.27,2.255,2.28,170,56355
2022-09-27,2.27,2.08,2.08,2.27,127,24964
2022-09-28,2.5,2.39,2.09,2.09,137,23254
2022-09-29,2.43,2.4,2.32,2.32,106,18337
2022-09-30,2.5,2.26,2.26,2.39,110,22843
2022-10-03,2.44,2.29,2.21,2.24,95,11474
2022-10-04,2.49,2.44,2.33,2.33,63,6399
2022-10-05,2.4,2.33,2.32,2.4,49,6963
2022-10-06,2.34,2.2,2.18,2.3,96,10801
2022-10-07,2.19,2.01,1.98,2.19,155,66652
2022-10-10,2.02,1.82,1.81,2.02,100,10426
2022-10-11,1.82,1.62,1.62,1.82,132,33770
2022-10-12,1.63,1.59,1.55,1.62,52,8997
2022-10-13,1.63,1.57,1.53,1.56,99,25929
2022-10-14,1.6,1.54,1.54,1.58,57,9486
2022-10-17,1.6,1.47,1.47,1.6,110,40953
2022-10-18,1.515,1.44,1.44,1.46,96,25408
2022-10-19,1.49,1.44,1.42,1.43,59,11835
2022-10-20,1.5,1.32,1.305,1.5,290,84291
2022-10-21,1.44,1.43,1.29,1.31,798,295305
2022-10-24,1.41,1.39,1.36,1.41,83,14757
2022-10-25,1.42,1.39,1.39,1.41,80,36519
2022-10-26,1.56,1.45,1.42,1.45,250,77398
2022-10-27,1.48,1.42,1.39,1.46,179,38883
2022-10-28,1.465,1.46,1.39,1.39,59,13738
2022-10-31,1.545,1.5,1.46,1.46,96,19374
2022-11-01,1.73,1.73,1.56,1.58,87,18272
2022-11-02,1.76,1.7,1.7,1.76,37,5435
2022-11-03,1.77,1.7,1.64,1.73,89,8530
2022-11-04,1.73,1.72,1.645,1.72,36,4977
2022-11-07,1.77,1.75,1.73,1.73,45,9954
2022-11-08,1.74,1.64,1.64,1.73,83,15883
2022-11-09,1.61,1.4,1.38,1.61,126,34627
2022-11-10,1.47,1.36,1.13,1.44,114,35440
2022-11-11,1.48,1.48,1.35,1.36,146,37583
2022-11-14,1.45,1.37,1.35,1.45,99,20565
2022-11-15,1.5,1.39,1.38,1.5,61,17581
2022-11-16,1.405,1.4,1.31,1.39,107,18139
2022-11-17,1.41,1.4,1.34,1.4,41,4928
2022-11-18,1.43,1.36,1.35,1.43,61,9090
2022-11-21,1.48,1.41,1.38,1.42,166,64413
2022-11-22,1.435,1.4,1.38,1.38,64,14461
2022-11-23,1.53,1.5,1.43,1.43,123,34456
2022-11-25,1.71,1.68,1.49,1.49,47,25838
2022-11-28,1.72,1.62,1.58,1.7,55,40997
2022-11-29,1.68,1.65,1.63,1.63,142,17312
2022-11-30,1.71,1.65,1.63,1.66,44,8890
2022-12-01,1.77,1.75,1.68,1.68,115,22648
2022-12-02,1.75,1.71,1.69,1.69,96,17086
2022-12-05,1.79,1.74,1.71,1.71,56,11097
2022-12-06,1.76,1.67,1.66,1.71,96,7300
2022-12-07,1.7,1.65,1.64,1.67,54,5098
2022-12-08,1.64,1.61,1.59,1.63,63,4421
2022-12-09,1.58,1.55,1.53,1.58,74,19246
2022-12-12,1.53,1.48,1.47,1.53,298,95824
2022-12-13,1.65,1.54,1.5,1.53,432,171092
2022-12-14,1.69,1.61,1.58,1.58,75,13951
2022-12-15,1.71,1.68,1.56,1.56,50,10323
2022-12-16,1.89,1.83,1.67,1.7,124,37680
2022-12-19,1.92,1.91,1.81,1.83,81,16008
2022-12-20,1.96,1.91,1.89,1.9,100,16084
2022-12-21,1.96,1.94,1.89,1.92,70,37412
2022-12-22,2.0,1.99,1.9,1.96,54,8077
2022-12-23,1.98,1.85,1.83,1.98,42,7147
2022-12-27,1.83,1.77,1.73,1.83,72,7280
2022-12-28,1.76,1.68,1.665,1.76,87,8190
2022-12-29,1.78,1.78,1.69,1.69,39,7268
2022-12-30,1.82,1.8,1.73,1.8,59,18224
2023-01-03,1.885,1.85,1.79,1.79,34,9791
2023-01-04,1.85,1.85,1.83,1.83,28,4798
2023-01-05,1.875,1.87,1.79,1.85,43,7995
2023-01-06,1.89,1.85,1.84,1.89,28,6002
2023-01-09,1.99,1.98,1.85,1.85,80,12806
2023-01-10,2.23,2.05,2.05,2.23,102,37699
